municipality,year,gini_coefficient
Aabenraa,2007,25.36
Aabenraa,2008,26.88
Aabenraa,2009,25.57
Aabenraa,2010,25.09
Aabenraa,2011,25.01
Aabenraa,2012,24.83
Aabenraa,2013,25.36
Aabenraa,2014,27.42
Aabenraa,2015,25.27
Aabenraa,2016,25.38
Aabenraa,2017,26.17
Aabenraa,2018,25.91
Aabenraa,2019,26.72
Aabenraa,2020,26.52
Aabenraa,2021,27.31
Aabenraa,2022,27.35
Aabenraa,2023,27.32
Aalborg,2007,26.07
Aalborg,2008,27.28
Aalborg,2009,25.72
Aalborg,2010,26.69
Aalborg,2011,26.43
Aalborg,2012,26.39
Aalborg,2013,27.03
Aalborg,2014,27.54
Aalborg,2015,27.98
Aalborg,2016,28.05
Aalborg,2017,28.61
Aalborg,2018,28.7
Aalborg,2019,28.76
Aalborg,2020,29.12
Aalborg,2021,29.1
Aalborg,2022,29.04
Aalborg,2023,28.65
Aarhus,2007,30.03
Aarhus,2008,29.77
Aarhus,2009,28.64
Aarhus,2010,30.65
Aarhus,2011,31.09
Aarhus,2012,30.67
Aarhus,2013,31.41
Aarhus,2014,31.55
Aarhus,2015,32.66
Aarhus,2016,31.94
Aarhus,2017,33.29
Aarhus,2018,32.92
Aarhus,2019,33.12
Aarhus,2020,33.19
Aarhus,2021,33.77
Aarhus,2022,34.22
Aarhus,2023,33.65
Albertslund,2007,23.34
Albertslund,2008,23.26
Albertslund,2009,23.99
Albertslund,2010,25.03
Albertslund,2011,24.99
Albertslund,2012,25.06
Albertslund,2013,25.5
Albertslund,2014,25.28
Albertslund,2015,25.27
Albertslund,2016,25.68
Albertslund,2017,25.48
Albertslund,2018,25.11
Albertslund,2019,25.27
Albertslund,2020,25.45
Albertslund,2021,25.37
Albertslund,2022,24.49
Albertslund,2023,24.57
Allerød,2007,25.0
Allerød,2008,24.5
Allerød,2009,24.23
Allerød,2010,25.56
Allerød,2011,25.48
Allerød,2012,25.32
Allerød,2013,24.41
Allerød,2014,24.71
Allerød,2015,25.52
Allerød,2016,25.38
Allerød,2017,26.34
Allerød,2018,25.5
Allerød,2019,26.3
Allerød,2020,25.68
Allerød,2021,26.33
Allerød,2022,26.66
Allerød,2023,26.45
Assens,2007,23.45
Assens,2008,25.82
Assens,2009,23.77
Assens,2010,22.94
Assens,2011,22.82
Assens,2012,22.17
Assens,2013,22.18
Assens,2014,23.01
Assens,2015,23.39
Assens,2016,23.96
Assens,2017,24.13
Assens,2018,24.0
Assens,2019,24.54
Assens,2020,24.39
Assens,2021,24.6
Assens,2022,23.88
Assens,2023,24.42
Ballerup,2007,23.42
Ballerup,2008,23.25
Ballerup,2009,22.5
Ballerup,2010,24.02
Ballerup,2011,24.41
Ballerup,2012,24.76
Ballerup,2013,25.1
Ballerup,2014,26.73
Ballerup,2015,26.31
Ballerup,2016,25.77
Ballerup,2017,25.97
Ballerup,2018,25.84
Ballerup,2019,26.32
Ballerup,2020,26.75
Ballerup,2021,26.76
Ballerup,2022,26.35
Ballerup,2023,26.99
Billund,2007,24.4
Billund,2008,24.32
Billund,2009,23.92
Billund,2010,25.03
Billund,2011,24.3
Billund,2012,24.58
Billund,2013,25.47
Billund,2014,24.73
Billund,2015,25.59
Billund,2016,25.77
Billund,2017,26.34
Billund,2018,25.8
Billund,2019,25.53
Billund,2020,26.27
Billund,2021,27.03
Billund,2022,26.36
Billund,2023,26.75
Bornholm,2008,24.88
Bornholm,2009,23.89
Bornholm,2012,22.27
Bornholm,2010,22.85
Bornholm,2011,22.66
Bornholm,2007,22.95
Bornholm,2013,22.07
Bornholm,2014,22.12
Bornholm,2015,22.66
Bornholm,2016,23.39
Bornholm,2017,23.96
Bornholm,2018,23.41
Bornholm,2019,24.46
Bornholm,2020,24.32
Bornholm,2021,24.08
Bornholm,2022,23.65
Bornholm,2023,23.99
Brøndby,2007,22.01
Brøndby,2008,22.72
Brøndby,2009,22.6
Brøndby,2010,23.91
Brøndby,2011,24.31
Brøndby,2012,23.94
Brøndby,2013,24.6
Brøndby,2014,24.88
Brøndby,2015,25.78
Brøndby,2016,25.71
Brøndby,2017,26.19
Brøndby,2018,25.89
Brøndby,2019,25.83
Brøndby,2020,26.28
Brøndby,2021,25.96
Brøndby,2022,25.21
Brøndby,2023,25.46
Brønderslev,2007,26.54
Brønderslev,2008,32.48
Brønderslev,2009,26.48
Brønderslev,2010,24.62
Brønderslev,2011,23.81
Brønderslev,2012,23.34
Brønderslev,2013,23.82
Brønderslev,2014,23.45
Brønderslev,2015,24.22
Brønderslev,2016,26.4
Brønderslev,2017,24.37
Brønderslev,2018,24.51
Brønderslev,2019,24.72
Brønderslev,2020,26.55
Brønderslev,2021,25.61
Brønderslev,2022,25.14
Brønderslev,2023,25.91
Dragør,2007,26.42
Dragør,2008,27.57
Dragør,2009,26.25
Dragør,2010,26.93
Dragør,2011,28.86
Dragør,2012,25.95
Dragør,2013,26.75
Dragør,2014,27.03
Dragør,2015,27.4
Dragør,2016,28.08
Dragør,2017,27.88
Dragør,2018,27.55
Dragør,2019,28.6
Dragør,2020,28.29
Dragør,2021,28.89
Dragør,2022,28.05
Dragør,2023,29.65
Egedal,2007,21.07
Egedal,2008,21.45
Egedal,2009,20.4
Egedal,2010,21.75
Egedal,2011,20.94
Egedal,2012,20.71
Egedal,2013,21.51
Egedal,2014,21.71
Egedal,2015,22.73
Egedal,2016,22.64
Egedal,2017,23.9
Egedal,2018,23.96
Egedal,2019,23.12
Egedal,2020,23.01
Egedal,2021,24.34
Egedal,2022,22.98
Egedal,2023,24.41
Esbjerg,2007,24.49
Esbjerg,2008,25.72
Esbjerg,2009,25.01
Esbjerg,2010,25.78
Esbjerg,2011,26.08
Esbjerg,2012,25.66
Esbjerg,2013,26.79
Esbjerg,2014,26.16
Esbjerg,2015,26.27
Esbjerg,2016,26.69
Esbjerg,2017,27.05
Esbjerg,2018,26.51
Esbjerg,2019,27.2
Esbjerg,2020,26.88
Esbjerg,2021,27.47
Esbjerg,2022,26.77
Esbjerg,2023,27.06
Faaborg-Midtfyn,2007,23.64
Faaborg-Midtfyn,2008,26.2
Faaborg-Midtfyn,2009,23.91
Faaborg-Midtfyn,2010,23.19
Faaborg-Midtfyn,2011,22.73
Faaborg-Midtfyn,2012,22.56
Faaborg-Midtfyn,2013,22.34
Faaborg-Midtfyn,2014,22.53
Faaborg-Midtfyn,2015,23.2
Faaborg-Midtfyn,2016,24.58
Faaborg-Midtfyn,2017,23.41
Faaborg-Midtfyn,2018,24.31
Faaborg-Midtfyn,2019,23.72
Faaborg-Midtfyn,2020,23.81
Faaborg-Midtfyn,2021,24.14
Faaborg-Midtfyn,2022,23.63
Faaborg-Midtfyn,2023,23.82
Fanø,2007,25.94
Fanø,2008,24.85
Fanø,2009,24.91
Fanø,2010,26.13
Fanø,2011,25.68
Fanø,2012,25.45
Fanø,2013,26.08
Fanø,2014,25.35
Fanø,2015,25.39
Fanø,2016,25.49
Fanø,2017,26.3
Fanø,2018,25.79
Fanø,2019,26.14
Fanø,2020,24.8
Fanø,2021,26.53
Fanø,2022,24.62
Fanø,2023,25.2
Favrskov,2007,22.8
Favrskov,2008,23.34
Favrskov,2009,23.16
Favrskov,2010,22.33
Favrskov,2011,22.43
Favrskov,2012,22.58
Favrskov,2013,22.11
Favrskov,2014,22.21
Favrskov,2015,22.6
Favrskov,2016,23.17
Favrskov,2017,23.48
Favrskov,2018,23.32
Favrskov,2019,23.18
Favrskov,2020,24.08
Favrskov,2021,24.54
Favrskov,2022,24.01
Favrskov,2023,25.5
Faxe,2007,23.03
Faxe,2008,22.8
Faxe,2009,22.28
Faxe,2010,23.26
Faxe,2011,22.3
Faxe,2012,23.07
Faxe,2013,23.02
Faxe,2014,23.05
Faxe,2015,23.68
Faxe,2016,23.78
Faxe,2017,24.31
Faxe,2018,24.28
Faxe,2019,24.24
Faxe,2020,24.69
Faxe,2021,24.55
Faxe,2022,24.36
Faxe,2023,24.6
Fredensborg,2007,29.54
Fredensborg,2008,28.78
Fredensborg,2009,27.42
Fredensborg,2010,29.29
Fredensborg,2011,29.5
Fredensborg,2012,30.42
Fredensborg,2013,30.53
Fredensborg,2014,30.76
Fredensborg,2015,32.92
Fredensborg,2016,32.48
Fredensborg,2017,31.92
Fredensborg,2018,31.6
Fredensborg,2019,32.75
Fredensborg,2020,31.72
Fredensborg,2021,33.31
Fredensborg,2022,31.42
Fredensborg,2023,31.82
Fredericia,2007,22.84
Fredericia,2008,22.53
Fredericia,2009,22.38
Fredericia,2010,24.28
Fredericia,2011,24.07
Fredericia,2012,23.82
Fredericia,2013,24.4
Fredericia,2014,25.05
Fredericia,2015,25.58
Fredericia,2016,27.22
Fredericia,2017,26.13
Fredericia,2018,25.64
Fredericia,2019,26.18
Fredericia,2020,26.22
Fredericia,2021,27.12
Fredericia,2022,26.96
Fredericia,2023,26.53
Frederiksberg,2007,31.39
Frederiksberg,2008,31.55
Frederiksberg,2009,30.33
Frederiksberg,2010,32.93
Frederiksberg,2011,33.22
Frederiksberg,2012,33.53
Frederiksberg,2013,33.92
Frederiksberg,2014,34.98
Frederiksberg,2015,34.37
Frederiksberg,2016,34.85
Frederiksberg,2017,35.71
Frederiksberg,2018,35.42
Frederiksberg,2019,35.92
Frederiksberg,2020,35.72
Frederiksberg,2021,37.22
Frederiksberg,2022,36.95
Frederiksberg,2023,36.65
Frederikshavn,2007,24.33
Frederikshavn,2008,25.77
Frederikshavn,2009,24.13
Frederikshavn,2010,24.85
Frederikshavn,2011,24.73
Frederikshavn,2012,24.06
Frederikshavn,2013,24.41
Frederikshavn,2014,23.83
Frederikshavn,2015,24.73
Frederikshavn,2016,24.72
Frederikshavn,2017,25.15
Frederikshavn,2018,25.26
Frederikshavn,2019,24.94
Frederikshavn,2020,25.52
Frederikshavn,2021,25.71
Frederikshavn,2022,25.16
Frederikshavn,2023,25.53
Frederikssund,2007,23.47
Frederikssund,2008,22.72
Frederikssund,2009,22.3
Frederikssund,2010,23.36
Frederikssund,2011,23.41
Frederikssund,2012,22.98
Frederikssund,2013,23.49
Frederikssund,2014,23.69
Frederikssund,2015,24.24
Frederikssund,2016,24.46
Frederikssund,2017,24.59
Frederikssund,2018,24.75
Frederikssund,2019,24.77
Frederikssund,2020,25.06
Frederikssund,2021,25.3
Frederikssund,2022,24.87
Frederikssund,2023,25.22
Furesø,2007,27.71
Furesø,2008,28.42
Furesø,2009,26.87
Furesø,2010,28.22
Furesø,2011,28.47
Furesø,2012,28.01
Furesø,2013,29.2
Furesø,2014,28.67
Furesø,2015,29.04
Furesø,2016,29.56
Furesø,2017,30.51
Furesø,2018,30.41
Furesø,2019,30.64
Furesø,2020,29.42
Furesø,2021,29.87
Furesø,2022,29.02
Furesø,2023,30.51
Gentofte,2007,43.34
Gentofte,2008,44.38
Gentofte,2009,42.42
Gentofte,2010,43.42
Gentofte,2011,42.83
Gentofte,2012,42.13
Gentofte,2013,43.39
Gentofte,2014,43.98
Gentofte,2015,47.77
Gentofte,2016,45.02
Gentofte,2017,45.44
Gentofte,2018,44.5
Gentofte,2019,47.42
Gentofte,2020,46.16
Gentofte,2021,48.59
Gentofte,2022,50.7
Gentofte,2023,54.16
Gladsaxe,2007,25.65
Gladsaxe,2008,25.81
Gladsaxe,2009,24.83
Gladsaxe,2010,26.81
Gladsaxe,2011,27.5
Gladsaxe,2012,27.4
Gladsaxe,2013,27.95
Gladsaxe,2014,28.14
Gladsaxe,2015,28.92
Gladsaxe,2016,28.72
Gladsaxe,2017,29.53
Gladsaxe,2018,28.75
Gladsaxe,2019,28.76
Gladsaxe,2020,29.29
Gladsaxe,2021,29.44
Gladsaxe,2022,29.24
Gladsaxe,2023,29.82
Glostrup,2007,22.46
Glostrup,2008,22.18
Glostrup,2009,22.61
Glostrup,2010,23.85
Glostrup,2011,24.1
Glostrup,2012,23.8
Glostrup,2013,24.3
Glostrup,2014,24.69
Glostrup,2015,25.59
Glostrup,2016,25.76
Glostrup,2017,25.99
Glostrup,2018,25.82
Glostrup,2019,25.8
Glostrup,2020,26.07
Glostrup,2021,26.55
Glostrup,2022,25.43
Glostrup,2023,25.86
Greve,2007,24.48
Greve,2008,23.96
Greve,2009,23.13
Greve,2010,24.09
Greve,2011,24.29
Greve,2012,23.69
Greve,2013,24.12
Greve,2014,25.34
Greve,2015,25.54
Greve,2016,25.36
Greve,2017,25.88
Greve,2018,25.73
Greve,2019,26.16
Greve,2020,26.51
Greve,2021,26.35
Greve,2022,25.97
Greve,2023,26.86
Gribskov,2007,24.96
Gribskov,2008,25.05
Gribskov,2009,24.34
Gribskov,2010,24.21
Gribskov,2011,24.24
Gribskov,2012,25.5
Gribskov,2013,24.92
Gribskov,2014,25.39
Gribskov,2015,25.31
Gribskov,2016,25.52
Gribskov,2017,26.07
Gribskov,2018,25.7
Gribskov,2019,26.16
Gribskov,2020,26.63
Gribskov,2021,26.66
Gribskov,2022,27.38
Gribskov,2023,27.05
Guldborgsund,2007,25.11
Guldborgsund,2008,26.66
Guldborgsund,2009,24.91
Guldborgsund,2010,24.26
Guldborgsund,2011,26.34
Guldborgsund,2012,24.75
Guldborgsund,2013,24.88
Guldborgsund,2014,24.96
Guldborgsund,2015,25.03
Guldborgsund,2016,24.9
Guldborgsund,2017,25.05
Guldborgsund,2018,25.04
Guldborgsund,2019,25.46
Guldborgsund,2020,25.59
Guldborgsund,2021,26.1
Guldborgsund,2022,26.04
Guldborgsund,2023,25.72
Haderslev,2007,24.74
Haderslev,2008,27.46
Haderslev,2009,26.67
Haderslev,2010,25.12
Haderslev,2011,24.94
Haderslev,2012,24.48
Haderslev,2013,25.06
Haderslev,2014,25.01
Haderslev,2015,25.14
Haderslev,2016,25.54
Haderslev,2017,25.31
Haderslev,2018,25.44
Haderslev,2019,26.33
Haderslev,2020,26.06
Haderslev,2021,26.14
Haderslev,2022,25.74
Haderslev,2023,25.54
Halsnæs,2007,21.58
Halsnæs,2008,22.17
Halsnæs,2009,21.08
Halsnæs,2010,21.65
Halsnæs,2011,21.71
Halsnæs,2012,21.39
Halsnæs,2013,22.11
Halsnæs,2014,22.34
Halsnæs,2015,22.92
Halsnæs,2016,22.85
Halsnæs,2017,23.81
Halsnæs,2018,23.5
Halsnæs,2019,23.25
Halsnæs,2020,23.79
Halsnæs,2021,23.86
Halsnæs,2022,23.3
Halsnæs,2023,23.6
Hedensted,2007,22.73
Hedensted,2008,27.03
Hedensted,2009,24.45
Hedensted,2010,23.73
Hedensted,2011,23.43
Hedensted,2012,22.81
Hedensted,2013,23.15
Hedensted,2014,23.18
Hedensted,2015,24.23
Hedensted,2016,23.46
Hedensted,2017,23.93
Hedensted,2018,24.18
Hedensted,2019,24.01
Hedensted,2020,24.38
Hedensted,2021,24.69
Hedensted,2022,24.54
Hedensted,2023,24.32
Hele landet,2007,27.02
Hele landet,2008,27.94
Hele landet,2009,26.74
Hele landet,2010,27.47
Hele landet,2011,27.68
Hele landet,2012,27.37
Hele landet,2013,27.88
Hele landet,2014,28.33
Hele landet,2015,28.77
Hele landet,2016,28.97
Hele landet,2017,29.32
Hele landet,2018,29.1
Hele landet,2019,29.55
Hele landet,2020,29.72
Hele landet,2021,30.28
Hele landet,2022,29.96
Hele landet,2023,30.61
Helsingør,2007,29.45
Helsingør,2008,27.72
Helsingør,2009,26.08
Helsingør,2010,27.75
Helsingør,2011,27.42
Helsingør,2012,27.63
Helsingør,2013,28.74
Helsingør,2014,28.83
Helsingør,2015,29.39
Helsingør,2016,29.22
Helsingør,2017,29.78
Helsingør,2018,29.4
Helsingør,2019,30.68
Helsingør,2020,29.97
Helsingør,2021,30.83
Helsingør,2022,30.54
Helsingør,2023,30.3
Herlev,2007,23.57
Herlev,2008,23.51
Herlev,2009,22.56
Herlev,2010,24.13
Herlev,2011,24.43
Herlev,2012,24.12
Herlev,2013,25.05
Herlev,2014,24.87
Herlev,2015,24.96
Herlev,2016,25.71
Herlev,2017,25.53
Herlev,2018,25.71
Herlev,2019,25.55
Herlev,2020,26.63
Herlev,2021,25.97
Herlev,2022,25.42
Herlev,2023,26.1
Herning,2007,24.95
Herning,2008,26.85
Herning,2009,25.25
Herning,2010,24.88
Herning,2011,26.68
Herning,2012,24.72
Herning,2013,24.79
Herning,2014,25.07
Herning,2015,24.82
Herning,2016,25.65
Herning,2017,25.94
Herning,2018,26.0
Herning,2019,26.07
Herning,2020,26.9
Herning,2021,26.59
Herning,2022,26.4
Herning,2023,26.31
Hillerød,2007,24.76
Hillerød,2008,24.76
Hillerød,2009,23.87
Hillerød,2010,25.11
Hillerød,2011,25.41
Hillerød,2012,25.04
Hillerød,2013,25.13
Hillerød,2014,26.89
Hillerød,2015,26.95
Hillerød,2016,26.58
Hillerød,2017,27.05
Hillerød,2018,27.02
Hillerød,2019,26.99
Hillerød,2020,27.09
Hillerød,2021,27.99
Hillerød,2022,27.56
Hillerød,2023,27.23
Hjørring,2007,24.88
Hjørring,2008,28.43
Hjørring,2009,26.71
Hjørring,2010,26.43
Hjørring,2011,26.17
Hjørring,2012,24.89
Hjørring,2013,25.43
Hjørring,2014,25.37
Hjørring,2015,25.73
Hjørring,2016,26.14
Hjørring,2017,26.6
Hjørring,2018,26.31
Hjørring,2019,26.32
Hjørring,2020,26.99
Hjørring,2021,26.12
Hjørring,2022,26.51
Hjørring,2023,26.42
Holbæk,2007,24.39
Holbæk,2008,25.39
Holbæk,2009,24.21
Holbæk,2010,24.81
Holbæk,2011,24.7
Holbæk,2012,24.19
Holbæk,2013,24.33
Holbæk,2014,24.49
Holbæk,2015,25.06
Holbæk,2016,25.36
Holbæk,2017,25.65
Holbæk,2018,25.72
Holbæk,2019,25.64
Holbæk,2020,25.96
Holbæk,2021,26.49
Holbæk,2022,25.52
Holbæk,2023,25.79
Holstebro,2007,26.44
Holstebro,2008,27.39
Holstebro,2009,25.46
Holstebro,2010,25.51
Holstebro,2011,25.34
Holstebro,2012,26.0
Holstebro,2013,26.45
Holstebro,2014,24.45
Holstebro,2015,24.95
Holstebro,2016,26.07
Holstebro,2017,25.87
Holstebro,2018,25.12
Holstebro,2019,25.73
Holstebro,2020,26.4
Holstebro,2021,27.54
Holstebro,2022,26.77
Holstebro,2023,26.22
Horsens,2007,24.32
Horsens,2008,26.09
Horsens,2009,24.19
Horsens,2010,24.9
Horsens,2011,24.6
Horsens,2012,24.67
Horsens,2013,25.18
Horsens,2014,24.8
Horsens,2015,25.31
Horsens,2016,25.89
Horsens,2017,26.4
Horsens,2018,25.99
Horsens,2019,25.98
Horsens,2020,26.11
Horsens,2021,26.43
Horsens,2022,25.4
Horsens,2023,25.45
Hvidovre,2007,22.51
Hvidovre,2008,22.19
Hvidovre,2009,22.35
Hvidovre,2010,24.01
Hvidovre,2011,23.86
Hvidovre,2012,24.02
Hvidovre,2013,24.09
Hvidovre,2014,24.37
Hvidovre,2015,24.75
Hvidovre,2016,25.1
Hvidovre,2017,25.3
Hvidovre,2018,25.23
Hvidovre,2019,25.39
Hvidovre,2020,25.66
Hvidovre,2021,25.91
Hvidovre,2022,25.23
Hvidovre,2023,25.84
Høje-Taastrup,2007,22.94
Høje-Taastrup,2008,23.37
Høje-Taastrup,2009,23.29
Høje-Taastrup,2010,23.71
Høje-Taastrup,2011,24.03
Høje-Taastrup,2012,23.98
Høje-Taastrup,2013,24.55
Høje-Taastrup,2014,24.99
Høje-Taastrup,2015,25.38
Høje-Taastrup,2016,25.79
Høje-Taastrup,2017,26.54
Høje-Taastrup,2018,25.78
Høje-Taastrup,2019,25.7
Høje-Taastrup,2020,25.91
Høje-Taastrup,2021,26.07
Høje-Taastrup,2022,25.59
Høje-Taastrup,2023,25.69
Hørsholm,2007,38.29
Hørsholm,2008,37.51
Hørsholm,2009,36.72
Hørsholm,2010,38.78
Hørsholm,2011,37.0
Hørsholm,2012,36.6
Hørsholm,2013,38.24
Hørsholm,2014,37.52
Hørsholm,2015,38.08
Hørsholm,2016,38.27
Hørsholm,2017,39.59
Hørsholm,2018,38.48
Hørsholm,2019,39.21
Hørsholm,2020,40.18
Hørsholm,2021,39.59
Hørsholm,2022,42.24
Hørsholm,2023,38.9
Ikast-Brande,2007,26.7
Ikast-Brande,2008,26.79
Ikast-Brande,2009,25.01
Ikast-Brande,2010,24.3
Ikast-Brande,2011,25.02
Ikast-Brande,2012,23.8
Ikast-Brande,2013,24.55
Ikast-Brande,2014,24.28
Ikast-Brande,2015,24.15
Ikast-Brande,2016,24.28
Ikast-Brande,2017,24.23
Ikast-Brande,2018,24.28
Ikast-Brande,2019,27.07
Ikast-Brande,2020,29.31
Ikast-Brande,2021,25.7
Ikast-Brande,2022,26.13
Ikast-Brande,2023,25.73
Ishøj,2007,22.45
Ishøj,2008,23.32
Ishøj,2009,22.95
Ishøj,2010,24.24
Ishøj,2011,24.03
Ishøj,2012,23.73
Ishøj,2013,24.63
Ishøj,2014,24.49
Ishøj,2015,24.63
Ishøj,2016,25.07
Ishøj,2017,25.58
Ishøj,2018,25.3
Ishøj,2019,25.27
Ishøj,2020,25.28
Ishøj,2021,24.97
Ishøj,2022,24.53
Ishøj,2023,24.6
Jammerbugt,2007,24.63
Jammerbugt,2008,27.68
Jammerbugt,2009,27.41
Jammerbugt,2010,24.75
Jammerbugt,2011,24.28
Jammerbugt,2012,24.45
Jammerbugt,2013,24.34
Jammerbugt,2014,22.98
Jammerbugt,2015,24.07
Jammerbugt,2016,24.43
Jammerbugt,2017,23.53
Jammerbugt,2018,24.94
Jammerbugt,2019,24.11
Jammerbugt,2020,25.8
Jammerbugt,2021,25.59
Jammerbugt,2022,24.44
Jammerbugt,2023,24.87
Kalundborg,2007,23.93
Kalundborg,2008,26.91
Kalundborg,2009,23.76
Kalundborg,2010,24.08
Kalundborg,2011,24.5
Kalundborg,2012,24.12
Kalundborg,2013,23.45
Kalundborg,2014,24.29
Kalundborg,2015,25.1
Kalundborg,2016,25.17
Kalundborg,2017,24.71
Kalundborg,2018,24.85
Kalundborg,2019,25.22
Kalundborg,2020,24.91
Kalundborg,2021,25.7
Kalundborg,2022,26.98
Kalundborg,2023,27.73
Kerteminde,2007,23.93
Kerteminde,2008,25.2
Kerteminde,2009,22.99
Kerteminde,2010,23.18
Kerteminde,2011,23.54
Kerteminde,2012,23.87
Kerteminde,2013,24.12
Kerteminde,2014,24.47
Kerteminde,2015,25.91
Kerteminde,2016,26.79
Kerteminde,2017,25.86
Kerteminde,2018,25.42
Kerteminde,2019,26.46
Kerteminde,2020,26.25
Kerteminde,2021,28.62
Kerteminde,2022,26.95
Kerteminde,2023,27.43
Kolding,2007,24.54
Kolding,2008,26.14
Kolding,2009,24.63
Kolding,2010,25.09
Kolding,2011,25.46
Kolding,2012,25.15
Kolding,2013,26.14
Kolding,2014,25.82
Kolding,2015,26.27
Kolding,2016,26.61
Kolding,2017,26.76
Kolding,2018,26.85
Kolding,2019,26.88
Kolding,2020,27.87
Kolding,2021,27.88
Kolding,2022,27.37
Kolding,2023,27.39
København,2007,29.14
København,2008,29.6
København,2009,29.38
København,2010,31.44
København,2011,31.38
København,2012,31.25
København,2013,31.86
København,2014,32.13
København,2015,32.7
København,2016,33.24
København,2017,33.65
København,2018,33.71
København,2019,33.95
København,2020,34.35
København,2021,35.09
København,2022,34.56
København,2023,34.98
Køge,2007,22.85
Køge,2008,23.41
Køge,2009,23.03
Køge,2010,23.44
Køge,2011,23.64
Køge,2012,23.79
Køge,2013,23.81
Køge,2014,24.44
Køge,2015,24.67
Køge,2016,25.08
Køge,2017,25.75
Køge,2018,25.16
Køge,2019,25.6
Køge,2020,26.34
Køge,2021,26.23
Køge,2022,25.86
Køge,2023,26.41
Langeland,2007,25.49
Langeland,2008,27.47
Langeland,2009,26.0
Langeland,2010,23.35
Langeland,2011,23.4
Langeland,2012,23.47
Langeland,2013,23.29
Langeland,2014,22.08
Langeland,2015,22.8
Langeland,2016,22.77
Langeland,2017,23.24
Langeland,2018,22.88
Langeland,2019,25.0
Langeland,2020,26.83
Langeland,2021,24.83
Langeland,2022,25.79
Langeland,2023,26.23
Lejre,2007,23.33
Lejre,2008,24.33
Lejre,2009,24.09
Lejre,2010,23.73
Lejre,2011,24.4
Lejre,2012,23.88
Lejre,2013,23.4
Lejre,2014,24.45
Lejre,2015,24.56
Lejre,2016,24.87
Lejre,2017,25.27
Lejre,2018,25.4
Lejre,2019,25.15
Lejre,2020,25.07
Lejre,2021,25.74
Lejre,2022,26.04
Lejre,2023,25.68
Lemvig,2007,28.56
Lemvig,2008,32.29
Lemvig,2009,29.19
Lemvig,2010,30.57
Lemvig,2011,26.68
Lemvig,2012,25.45
Lemvig,2013,27.11
Lemvig,2014,24.95
Lemvig,2015,26.06
Lemvig,2016,30.29
Lemvig,2017,27.38
Lemvig,2018,25.74
Lemvig,2019,26.71
Lemvig,2020,28.26
Lemvig,2021,29.09
Lemvig,2022,29.68
Lemvig,2023,29.45
Lolland,2007,24.27
Lolland,2008,25.89
Lolland,2009,25.45
Lolland,2010,24.47
Lolland,2011,26.22
Lolland,2012,25.25
Lolland,2013,25.37
Lolland,2014,26.08
Lolland,2015,24.81
Lolland,2016,25.86
Lolland,2017,25.92
Lolland,2018,26.7
Lolland,2019,26.19
Lolland,2020,25.71
Lolland,2021,26.84
Lolland,2022,27.34
Lolland,2023,26.67
Lyngby-Taarbæk,2007,32.46
Lyngby-Taarbæk,2008,31.58
Lyngby-Taarbæk,2009,30.69
Lyngby-Taarbæk,2010,32.73
Lyngby-Taarbæk,2011,32.84
Lyngby-Taarbæk,2012,32.7
Lyngby-Taarbæk,2013,33.11
Lyngby-Taarbæk,2014,35.97
Lyngby-Taarbæk,2015,39.22
Lyngby-Taarbæk,2016,35.96
Lyngby-Taarbæk,2017,36.72
Lyngby-Taarbæk,2018,36.61
Lyngby-Taarbæk,2019,36.09
Lyngby-Taarbæk,2020,36.14
Lyngby-Taarbæk,2021,39.28
Lyngby-Taarbæk,2022,39.09
Lyngby-Taarbæk,2023,40.78
Læsø,2007,26.5
Læsø,2008,23.0
Læsø,2009,22.41
Læsø,2010,23.42
Læsø,2011,22.98
Læsø,2012,22.9
Læsø,2013,24.01
Læsø,2014,21.44
Læsø,2015,22.03
Læsø,2016,22.5
Læsø,2017,21.63
Læsø,2018,23.47
Læsø,2019,22.2
Læsø,2020,22.68
Læsø,2021,26.21
Læsø,2022,23.93
Læsø,2023,23.96
Mariagerfjord,2007,24.3
Mariagerfjord,2008,27.05
Mariagerfjord,2009,25.57
Mariagerfjord,2010,24.57
Mariagerfjord,2011,24.03
Mariagerfjord,2012,23.78
Mariagerfjord,2013,23.87
Mariagerfjord,2014,23.83
Mariagerfjord,2015,23.88
Mariagerfjord,2016,24.15
Mariagerfjord,2017,24.64
Mariagerfjord,2018,24.72
Mariagerfjord,2019,25.7
Mariagerfjord,2020,26.17
Mariagerfjord,2021,25.63
Mariagerfjord,2022,26.23
Mariagerfjord,2023,25.68
Middelfart,2007,23.98
Middelfart,2008,24.58
Middelfart,2009,23.38
Middelfart,2010,23.86
Middelfart,2011,26.1
Middelfart,2012,23.75
Middelfart,2013,25.24
Middelfart,2014,25.9
Middelfart,2015,24.77
Middelfart,2016,25.56
Middelfart,2017,25.96
Middelfart,2018,25.45
Middelfart,2019,27.95
Middelfart,2020,27.57
Middelfart,2021,26.96
Middelfart,2022,27.94
Middelfart,2023,27.51
Morsø,2007,26.55
Morsø,2008,31.02
Morsø,2009,27.98
Morsø,2010,26.53
Morsø,2011,25.47
Morsø,2012,26.0
Morsø,2013,25.09
Morsø,2014,24.79
Morsø,2015,24.21
Morsø,2016,23.88
Morsø,2017,24.7
Morsø,2018,24.96
Morsø,2019,26.31
Morsø,2020,26.14
Morsø,2021,26.38
Morsø,2022,26.5
Morsø,2023,26.61
Norddjurs,2007,24.81
Norddjurs,2008,27.06
Norddjurs,2009,25.77
Norddjurs,2010,24.77
Norddjurs,2011,24.26
Norddjurs,2012,23.44
Norddjurs,2013,23.68
Norddjurs,2014,24.2
Norddjurs,2015,24.99
Norddjurs,2016,24.23
Norddjurs,2017,24.92
Norddjurs,2018,24.28
Norddjurs,2019,25.22
Norddjurs,2020,25.54
Norddjurs,2021,25.38
Norddjurs,2022,25.96
Norddjurs,2023,25.43
Nordfyns,2007,23.07
Nordfyns,2008,25.45
Nordfyns,2009,23.8
Nordfyns,2010,22.77
Nordfyns,2011,23.84
Nordfyns,2012,22.02
Nordfyns,2013,22.53
Nordfyns,2014,22.63
Nordfyns,2015,23.03
Nordfyns,2016,23.37
Nordfyns,2017,23.61
Nordfyns,2018,23.91
Nordfyns,2019,24.63
Nordfyns,2020,24.31
Nordfyns,2021,24.66
Nordfyns,2022,25.21
Nordfyns,2023,25.56
Nyborg,2007,22.84
Nyborg,2008,23.59
Nyborg,2009,22.31
Nyborg,2010,22.71
Nyborg,2011,22.64
Nyborg,2012,22.35
Nyborg,2013,24.01
Nyborg,2014,23.35
Nyborg,2015,23.32
Nyborg,2016,23.68
Nyborg,2017,24.01
Nyborg,2018,24.21
Nyborg,2019,24.29
Nyborg,2020,25.03
Nyborg,2021,25.32
Nyborg,2022,24.95
Nyborg,2023,25.52
Næstved,2007,24.1
Næstved,2008,25.37
Næstved,2009,23.76
Næstved,2010,24.12
Næstved,2011,24.8
Næstved,2012,23.35
Næstved,2013,23.9
Næstved,2014,24.44
Næstved,2015,24.7
Næstved,2016,24.91
Næstved,2017,25.57
Næstved,2018,25.09
Næstved,2019,25.7
Næstved,2020,25.69
Næstved,2021,25.96
Næstved,2022,25.12
Næstved,2023,25.36
Odder,2007,23.53
Odder,2008,24.91
Odder,2009,23.84
Odder,2010,23.35
Odder,2011,23.52
Odder,2012,22.81
Odder,2013,23.2
Odder,2014,23.44
Odder,2015,24.01
Odder,2016,23.97
Odder,2017,25.01
Odder,2018,24.48
Odder,2019,24.36
Odder,2020,24.85
Odder,2021,24.75
Odder,2022,24.53
Odder,2023,25.29
Odense,2007,25.59
Odense,2008,26.17
Odense,2009,26.06
Odense,2010,26.66
Odense,2011,27.27
Odense,2012,27.51
Odense,2013,27.09
Odense,2014,27.44
Odense,2015,28.51
Odense,2016,28.28
Odense,2017,28.83
Odense,2018,28.82
Odense,2019,29.06
Odense,2020,28.94
Odense,2021,29.32
Odense,2022,28.52
Odense,2023,29.02
Odsherred,2007,23.21
Odsherred,2008,24.77
Odsherred,2009,23.12
Odsherred,2010,23.42
Odsherred,2011,23.07
Odsherred,2012,22.31
Odsherred,2013,22.45
Odsherred,2014,23.07
Odsherred,2015,23.52
Odsherred,2016,23.56
Odsherred,2017,24.53
Odsherred,2018,23.8
Odsherred,2019,23.78
Odsherred,2020,24.26
Odsherred,2021,24.6
Odsherred,2022,24.4
Odsherred,2023,24.94
Randers,2007,23.88
Randers,2008,24.38
Randers,2009,23.7
Randers,2010,23.65
Randers,2011,23.65
Randers,2012,23.26
Randers,2013,23.71
Randers,2014,24.14
Randers,2015,24.33
Randers,2016,24.65
Randers,2017,24.91
Randers,2018,24.84
Randers,2019,24.99
Randers,2020,25.53
Randers,2021,25.53
Randers,2022,25.8
Randers,2023,25.1
Rebild,2007,25.63
Rebild,2008,30.9
Rebild,2009,26.28
Rebild,2010,25.18
Rebild,2011,24.84
Rebild,2012,24.01
Rebild,2013,24.29
Rebild,2014,24.01
Rebild,2015,23.9
Rebild,2016,24.33
Rebild,2017,24.55
Rebild,2018,24.58
Rebild,2019,26.18
Rebild,2020,25.5
Rebild,2021,25.09
Rebild,2022,25.72
Rebild,2023,25.72
Ringkøbing-Skjern,2007,26.44
Ringkøbing-Skjern,2008,29.81
Ringkøbing-Skjern,2009,26.91
Ringkøbing-Skjern,2010,25.66
Ringkøbing-Skjern,2011,25.91
Ringkøbing-Skjern,2012,25.89
Ringkøbing-Skjern,2013,25.19
Ringkøbing-Skjern,2014,24.67
Ringkøbing-Skjern,2015,24.68
Ringkøbing-Skjern,2016,25.65
Ringkøbing-Skjern,2017,25.2
Ringkøbing-Skjern,2018,25.2
Ringkøbing-Skjern,2019,25.68
Ringkøbing-Skjern,2020,27.15
Ringkøbing-Skjern,2021,27.42
Ringkøbing-Skjern,2022,26.55
Ringkøbing-Skjern,2023,26.56
Ringsted,2007,23.33
Ringsted,2008,23.56
Ringsted,2009,23.3
Ringsted,2010,23.83
Ringsted,2011,23.66
Ringsted,2012,23.87
Ringsted,2013,24.24
Ringsted,2014,24.39
Ringsted,2015,24.12
Ringsted,2016,24.82
Ringsted,2017,25.47
Ringsted,2018,24.85
Ringsted,2019,25.09
Ringsted,2020,25.85
Ringsted,2021,25.66
Ringsted,2022,25.16
Ringsted,2023,25.3
Roskilde,2007,26.08
Roskilde,2008,26.21
Roskilde,2009,25.77
Roskilde,2010,26.49
Roskilde,2011,27.04
Roskilde,2012,27.07
Roskilde,2013,27.08
Roskilde,2014,27.89
Roskilde,2015,28.26
Roskilde,2016,28.94
Roskilde,2017,27.98
Roskilde,2018,27.94
Roskilde,2019,28.25
Roskilde,2020,28.41
Roskilde,2021,28.77
Roskilde,2022,28.45
Roskilde,2023,29.29
Rudersdal,2007,39.66
Rudersdal,2008,39.28
Rudersdal,2009,36.12
Rudersdal,2010,40.11
Rudersdal,2011,38.09
Rudersdal,2012,38.09
Rudersdal,2013,38.78
Rudersdal,2014,39.86
Rudersdal,2015,40.88
Rudersdal,2016,42.63
Rudersdal,2017,42.56
Rudersdal,2018,41.51
Rudersdal,2019,43.04
Rudersdal,2020,41.59
Rudersdal,2021,43.67
Rudersdal,2022,43.68
Rudersdal,2023,43.53
Rødovre,2007,21.94
Rødovre,2008,22.87
Rødovre,2009,21.81
Rødovre,2010,23.22
Rødovre,2011,23.64
Rødovre,2012,23.77
Rødovre,2013,24.19
Rødovre,2014,24.58
Rødovre,2015,25.38
Rødovre,2016,25.55
Rødovre,2017,26.08
Rødovre,2018,25.81
Rødovre,2019,25.75
Rødovre,2020,26.27
Rødovre,2021,26.31
Rødovre,2022,25.73
Rødovre,2023,26.39
Samsø,2007,25.39
Samsø,2008,28.88
Samsø,2009,27.66
Samsø,2010,27.61
Samsø,2011,25.1
Samsø,2012,23.08
Samsø,2013,24.35
Samsø,2014,24.9
Samsø,2015,24.75
Samsø,2016,31.3
Samsø,2017,25.98
Samsø,2018,27.05
Samsø,2019,26.49
Samsø,2020,26.91
Samsø,2021,27.3
Samsø,2022,27.18
Samsø,2023,28.7
Silkeborg,2007,26.43
Silkeborg,2008,28.1
Silkeborg,2009,27.72
Silkeborg,2010,25.22
Silkeborg,2011,27.49
Silkeborg,2012,24.36
Silkeborg,2013,25.35
Silkeborg,2014,32.67
Silkeborg,2015,25.1
Silkeborg,2016,27.25
Silkeborg,2017,26.31
Silkeborg,2018,25.94
Silkeborg,2019,26.47
Silkeborg,2020,26.32
Silkeborg,2021,27.34
Silkeborg,2022,26.61
Silkeborg,2023,27.04
Skanderborg,2007,22.8
Skanderborg,2008,23.7
Skanderborg,2009,22.09
Skanderborg,2010,22.89
Skanderborg,2011,22.68
Skanderborg,2012,22.63
Skanderborg,2013,23.28
Skanderborg,2014,23.42
Skanderborg,2015,23.98
Skanderborg,2016,24.16
Skanderborg,2017,24.17
Skanderborg,2018,24.32
Skanderborg,2019,24.49
Skanderborg,2020,25.26
Skanderborg,2021,25.5
Skanderborg,2022,25.5
Skanderborg,2023,24.91
Skive,2007,24.14
Skive,2008,25.67
Skive,2009,24.01
Skive,2010,23.61
Skive,2011,23.92
Skive,2012,22.91
Skive,2013,23.67
Skive,2014,24.09
Skive,2015,23.81
Skive,2016,23.7
Skive,2017,24.66
Skive,2018,24.16
Skive,2019,24.83
Skive,2020,26.21
Skive,2021,25.85
Skive,2022,26.3
Skive,2023,25.41
Slagelse,2007,24.73
Slagelse,2008,24.08
Slagelse,2009,23.05
Slagelse,2010,23.92
Slagelse,2011,24.01
Slagelse,2012,23.66
Slagelse,2013,24.58
Slagelse,2014,24.26
Slagelse,2015,24.62
Slagelse,2016,25.1
Slagelse,2017,25.41
Slagelse,2018,25.44
Slagelse,2019,25.25
Slagelse,2020,25.22
Slagelse,2021,26.0
Slagelse,2022,25.54
Slagelse,2023,24.9
Solrød,2007,25.96
Solrød,2008,25.37
Solrød,2009,23.9
Solrød,2010,24.79
Solrød,2011,25.1
Solrød,2012,25.06
Solrød,2013,24.47
Solrød,2014,26.14
Solrød,2015,26.18
Solrød,2016,27.49
Solrød,2017,26.92
Solrød,2018,26.43
Solrød,2019,28.02
Solrød,2020,27.51
Solrød,2021,27.45
Solrød,2022,26.42
Solrød,2023,27.11
Sorø,2007,23.16
Sorø,2008,27.67
Sorø,2009,23.62
Sorø,2010,25.18
Sorø,2011,23.31
Sorø,2012,24.29
Sorø,2013,23.8
Sorø,2014,24.07
Sorø,2015,24.04
Sorø,2016,24.37
Sorø,2017,24.88
Sorø,2018,24.67
Sorø,2019,25.47
Sorø,2020,24.9
Sorø,2021,25.24
Sorø,2022,24.72
Sorø,2023,25.15
Stevns,2007,23.47
Stevns,2008,24.65
Stevns,2009,23.37
Stevns,2010,22.92
Stevns,2011,23.44
Stevns,2012,23.55
Stevns,2013,23.75
Stevns,2014,23.61
Stevns,2015,24.14
Stevns,2016,24.18
Stevns,2017,24.93
Stevns,2018,25.12
Stevns,2019,24.87
Stevns,2020,24.8
Stevns,2021,24.59
Stevns,2022,24.78
Stevns,2023,25.04
Struer,2007,23.29
Struer,2008,26.84
Struer,2009,24.2
Struer,2010,24.57
Struer,2011,24.05
Struer,2012,24.39
Struer,2013,24.31
Struer,2014,23.95
Struer,2015,24.57
Struer,2016,24.75
Struer,2017,25.02
Struer,2018,24.21
Struer,2019,25.09
Struer,2020,26.37
Struer,2021,26.14
Struer,2022,26.57
Struer,2023,26.92
Svendborg,2007,24.94
Svendborg,2008,25.45
Svendborg,2009,25.06
Svendborg,2010,24.91
Svendborg,2011,27.06
Svendborg,2012,25.2
Svendborg,2013,25.5
Svendborg,2014,25.79
Svendborg,2015,26.76
Svendborg,2016,26.62
Svendborg,2017,27.0
Svendborg,2018,26.5
Svendborg,2019,27.2
Svendborg,2020,27.96
Svendborg,2021,28.42
Svendborg,2022,27.64
Svendborg,2023,27.68
Syddjurs,2007,28.06
Syddjurs,2008,25.76
Syddjurs,2009,25.45
Syddjurs,2010,25.49
Syddjurs,2011,24.46
Syddjurs,2012,24.03
Syddjurs,2013,25.05
Syddjurs,2014,26.14
Syddjurs,2015,24.54
Syddjurs,2016,25.41
Syddjurs,2017,25.2
Syddjurs,2018,25.29
Syddjurs,2019,25.41
Syddjurs,2020,25.46
Syddjurs,2021,27.51
Syddjurs,2022,25.94
Syddjurs,2023,26.33
Sønderborg,2007,23.93
Sønderborg,2008,24.89
Sønderborg,2009,32.85
Sønderborg,2010,24.39
Sønderborg,2011,26.43
Sønderborg,2012,25.32
Sønderborg,2013,25.04
Sønderborg,2014,25.77
Sønderborg,2015,25.78
Sønderborg,2016,25.45
Sønderborg,2017,26.61
Sønderborg,2018,25.89
Sønderborg,2019,26.5
Sønderborg,2020,26.23
Sønderborg,2021,26.85
Sønderborg,2022,26.76
Sønderborg,2023,28.17
Thisted,2007,26.56
Thisted,2008,29.51
Thisted,2009,26.35
Thisted,2010,26.42
Thisted,2011,25.61
Thisted,2012,24.52
Thisted,2013,24.54
Thisted,2014,24.21
Thisted,2015,24.71
Thisted,2016,24.95
Thisted,2017,25.41
Thisted,2018,24.78
Thisted,2019,25.89
Thisted,2020,26.41
Thisted,2021,26.01
Thisted,2022,27.0
Thisted,2023,27.36
Tårnby,2007,21.58
Tårnby,2008,21.99
Tårnby,2009,21.4
Tårnby,2010,22.8
Tårnby,2011,23.42
Tårnby,2012,22.77
Tårnby,2013,22.86
Tårnby,2014,22.89
Tårnby,2015,23.32
Tårnby,2016,23.66
Tårnby,2017,23.95
Tårnby,2018,23.95
Tårnby,2019,24.03
Tårnby,2020,24.19
Tårnby,2021,24.42
Tårnby,2022,23.84
Tårnby,2023,24.66
Tønder,2007,26.67
Tønder,2008,30.34
Tønder,2009,28.86
Tønder,2010,25.77
Tønder,2011,25.46
Tønder,2012,25.5
Tønder,2013,24.57
Tønder,2014,25.4
Tønder,2015,24.62
Tønder,2016,25.21
Tønder,2017,25.99
Tønder,2018,25.3
Tønder,2019,26.32
Tønder,2020,26.67
Tønder,2021,27.8
Tønder,2022,29.47
Tønder,2023,27.95
Vallensbæk,2007,22.17
Vallensbæk,2008,22.5
Vallensbæk,2009,22.11
Vallensbæk,2010,23.46
Vallensbæk,2011,23.02
Vallensbæk,2012,23.51
Vallensbæk,2013,24.18
Vallensbæk,2014,25.54
Vallensbæk,2015,25.56
Vallensbæk,2016,24.64
Vallensbæk,2017,24.99
Vallensbæk,2018,25.25
Vallensbæk,2019,25.56
Vallensbæk,2020,25.37
Vallensbæk,2021,25.66
Vallensbæk,2022,25.05
Vallensbæk,2023,25.85
Varde,2007,25.04
Varde,2008,28.33
Varde,2009,27.46
Varde,2010,25.84
Varde,2011,25.99
Varde,2012,25.37
Varde,2013,25.7
Varde,2014,25.36
Varde,2015,24.68
Varde,2016,25.12
Varde,2017,25.62
Varde,2018,24.37
Varde,2019,24.31
Varde,2020,24.63
Varde,2021,25.01
Varde,2022,26.12
Varde,2023,25.3
Vejen,2007,23.83
Vejen,2008,28.28
Vejen,2009,25.93
Vejen,2010,25.84
Vejen,2011,24.35
Vejen,2012,24.35
Vejen,2013,24.52
Vejen,2014,24.64
Vejen,2015,25.13
Vejen,2016,25.4
Vejen,2017,25.74
Vejen,2018,25.13
Vejen,2019,25.8
Vejen,2020,25.74
Vejen,2021,26.22
Vejen,2022,26.74
Vejen,2023,26.71
Vejle,2007,25.3
Vejle,2008,25.96
Vejle,2009,25.19
Vejle,2010,26.41
Vejle,2011,25.37
Vejle,2012,25.25
Vejle,2013,26.57
Vejle,2014,26.93
Vejle,2015,26.15
Vejle,2016,26.32
Vejle,2017,27.02
Vejle,2018,26.91
Vejle,2019,27.29
Vejle,2020,27.5
Vejle,2021,28.11
Vejle,2022,27.01
Vejle,2023,27.63
Vesthimmerlands,2007,25.45
Vesthimmerlands,2008,30.58
Vesthimmerlands,2009,28.33
Vesthimmerlands,2010,25.62
Vesthimmerlands,2011,24.41
Vesthimmerlands,2012,24.15
Vesthimmerlands,2013,24.02
Vesthimmerlands,2014,24.05
Vesthimmerlands,2015,24.15
Vesthimmerlands,2016,23.94
Vesthimmerlands,2017,24.38
Vesthimmerlands,2018,24.84
Vesthimmerlands,2019,25.4
Vesthimmerlands,2020,26.04
Vesthimmerlands,2021,27.37
Vesthimmerlands,2022,27.48
Vesthimmerlands,2023,26.09
Viborg,2007,24.18
Viborg,2008,26.41
Viborg,2009,25.29
Viborg,2010,24.72
Viborg,2011,24.41
Viborg,2012,23.81
Viborg,2013,24.14
Viborg,2014,24.24
Viborg,2015,24.57
Viborg,2016,25.05
Viborg,2017,25.84
Viborg,2018,25.33
Viborg,2019,25.91
Viborg,2020,26.33
Viborg,2021,26.33
Viborg,2022,25.99
Viborg,2023,25.47
Vordingborg,2007,23.86
Vordingborg,2008,26.8
Vordingborg,2009,25.23
Vordingborg,2010,24.32
Vordingborg,2011,24.74
Vordingborg,2012,23.94
Vordingborg,2013,23.81
Vordingborg,2014,24.36
Vordingborg,2015,25.34
Vordingborg,2016,25.43
Vordingborg,2017,25.82
Vordingborg,2018,25.7
Vordingborg,2019,25.7
Vordingborg,2020,25.79
Vordingborg,2021,25.84
Vordingborg,2022,26.82
Vordingborg,2023,25.54
Ærø,2007,25.58
Ærø,2008,24.6
Ærø,2009,24.99
Ærø,2010,24.89
Ærø,2011,24.44
Ærø,2012,25.36
Ærø,2013,27.17
Ærø,2014,25.18
Ærø,2015,26.34
Ærø,2016,26.35
Ærø,2017,25.24
Ærø,2018,26.16
Ærø,2019,24.77
Ærø,2020,25.61
Ærø,2021,26.63
Ærø,2022,27.02
Ærø,2023,27.67
