BOPOMR,HERKOMST,HFUDD,ALDER,KØN,TID,INDHOLD
Norddjurs,I alt,I alt,Alder i alt,I alt,2018,25996
Lemvig,I alt,I alt,Alder i alt,I alt,2018,13465
Slagelse,I alt,I alt,Alder i alt,I alt,2014,54322
Roskilde,I alt,I alt,Alder i alt,I alt,2014,59582
Kalundborg,I alt,I alt,Alder i alt,I alt,2014,33648
Struer,I alt,I alt,Alder i alt,I alt,2018,14145
Herning,I alt,I alt,Alder i alt,I alt,2018,61140
Dragør,I alt,I alt,Alder i alt,I alt,2014,9177
Næstved,I alt,I alt,Alder i alt,I alt,2013,57257
Tårnby,I alt,I alt,Alder i alt,I alt,2014,29529
Lolland,I alt,I alt,Alder i alt,I alt,2013,30086
Syddjurs,I alt,I alt,Alder i alt,I alt,2018,28380
Holstebro,I alt,I alt,Alder i alt,I alt,2018,39646
Odsherred,I alt,I alt,Alder i alt,I alt,2014,22418
Fanø,I alt,I alt,Alder i alt,I alt,2013,2242
Ikast-Brande,I alt,I alt,Alder i alt,I alt,2018,28125
Kerteminde,I alt,I alt,Alder i alt,I alt,2013,16229
Skanderborg,I alt,I alt,Alder i alt,I alt,2018,41247
Ringsted,I alt,I alt,Alder i alt,I alt,2014,23646
Morsø,I alt,I alt,Alder i alt,I alt,2018,13576
Glostrup,I alt,I alt,Alder i alt,I alt,2014,15650
Hvidovre,I alt,I alt,Alder i alt,I alt,2014,36617
Ærø,I alt,I alt,Alder i alt,I alt,2013,4222
Allerød,I alt,I alt,Alder i alt,I alt,2014,16188
Fredericia,I alt,I alt,Alder i alt,I alt,2013,35128
Viborg,I alt,I alt,Alder i alt,I alt,2018,66135
Favrskov,I alt,I alt,Alder i alt,I alt,2013,32173
Svendborg,I alt,I alt,Alder i alt,I alt,2013,40436
Varde,I alt,I alt,Alder i alt,I alt,2013,34325
Vejle,I alt,I alt,Alder i alt,I alt,2013,76073
Herning,I alt,I alt,Alder i alt,I alt,2013,60984
Struer,I alt,I alt,Alder i alt,I alt,2013,14923
Silkeborg,I alt,I alt,Alder i alt,I alt,2018,63232
Ringkøbing-Skjern,I alt,I alt,Alder i alt,I alt,2018,38238
Hillerød,I alt,I alt,Alder i alt,I alt,2014,33760
Vordingborg,I alt,I alt,Alder i alt,I alt,2013,31365
Vesthimmerlands,I alt,I alt,Alder i alt,I alt,2018,24957
Aarhus,I alt,I alt,Alder i alt,I alt,2018,257375
Skive,I alt,I alt,Alder i alt,I alt,2018,31264
Ballerup,I alt,I alt,Alder i alt,I alt,2014,32701
Silkeborg,I alt,I alt,Alder i alt,I alt,2013,62210
Christiansø,I alt,I alt,Alder i alt,I alt,2013,73
Odder,I alt,I alt,Alder i alt,I alt,2018,15156
Egedal,I alt,I alt,Alder i alt,I alt,2014,29121
Køge,I alt,I alt,Alder i alt,I alt,2014,41194
Haderslev,I alt,I alt,Alder i alt,I alt,2013,38985
Tønder,I alt,I alt,Alder i alt,I alt,2013,26481
Favrskov,I alt,I alt,Alder i alt,I alt,2018,32298
Gentofte,I alt,I alt,Alder i alt,I alt,2014,51229
Assens,I alt,I alt,Alder i alt,I alt,2013,28251
Nyborg,I alt,I alt,Alder i alt,I alt,2013,21493
Brønderslev,I alt,I alt,Alder i alt,I alt,2018,24091
Rødovre,I alt,I alt,Alder i alt,I alt,2014,25957
Hedensted,I alt,I alt,Alder i alt,I alt,2018,31557
Solrød,I alt,I alt,Alder i alt,I alt,2014,14980
Holbæk,I alt,I alt,Alder i alt,I alt,2014,48210
Samsø,I alt,I alt,Alder i alt,I alt,2018,2340
København,I alt,I alt,Alder i alt,I alt,2014,452348
Thisted,I alt,I alt,Alder i alt,I alt,2018,29385
Vallensbæk,I alt,I alt,Alder i alt,I alt,2014,10314
Syddjurs,I alt,I alt,Alder i alt,I alt,2013,28821
Randers,I alt,I alt,Alder i alt,I alt,2018,67495
Vejen,I alt,I alt,Alder i alt,I alt,2013,29028
Horsens,I alt,I alt,Alder i alt,I alt,2013,60559
Frederikshavn,I alt,I alt,Alder i alt,I alt,2018,40074
Herlev,I alt,I alt,Alder i alt,I alt,2014,19246
Odder,I alt,I alt,Alder i alt,I alt,2013,14999
Mariagerfjord,I alt,I alt,Alder i alt,I alt,2018,28809
Fredensborg,I alt,I alt,Alder i alt,I alt,2014,27425
Nordfyns,I alt,I alt,Alder i alt,I alt,2013,20090
Hjørring,I alt,I alt,Alder i alt,I alt,2018,43969
Holstebro,I alt,I alt,Alder i alt,I alt,2013,39783
Jammerbugt,I alt,I alt,Alder i alt,I alt,2018,25625
Bornholm,I alt,I alt,Alder i alt,I alt,2013,27919
Læsø,I alt,I alt,Alder i alt,I alt,2018,1121
Esbjerg,I alt,I alt,Alder i alt,I alt,2013,82037
Rebild,I alt,I alt,Alder i alt,I alt,2018,19903
Aalborg,I alt,I alt,Alder i alt,I alt,2018,155105
Billund,I alt,I alt,Alder i alt,I alt,2013,18123
Høje-Taastrup,I alt,I alt,Alder i alt,I alt,2014,34508
Kolding,I alt,I alt,Alder i alt,I alt,2018,63874
Frederikssund,I alt,I alt,Alder i alt,I alt,2018,30328
Hørsholm,I alt,I alt,Alder i alt,I alt,2014,15999
Faaborg-Midtfyn,I alt,I alt,Alder i alt,I alt,2013,34793
Odense,I alt,I alt,Alder i alt,I alt,2013,142498
Brøndby,I alt,I alt,Alder i alt,I alt,2014,24460
Ærø,I alt,I alt,Alder i alt,I alt,2018,3797
Fanø,I alt,I alt,Alder i alt,I alt,2018,2140
Halsnæs,I alt,I alt,Alder i alt,I alt,2018,21068
Frederikssund,I alt,I alt,Alder i alt,I alt,2014,30350
Halsnæs,I alt,I alt,Alder i alt,I alt,2014,21302
Aabenraa,I alt,I alt,Alder i alt,I alt,2013,40840
Norddjurs,I alt,I alt,Alder i alt,I alt,2013,26681
Gribskov,I alt,I alt,Alder i alt,I alt,2018,27327
Faxe,I alt,I alt,Alder i alt,I alt,2018,25012
Slagelse,I alt,I alt,Alder i alt,I alt,2018,54567
Lejre,I alt,I alt,Alder i alt,I alt,2018,18423
Faxe,I alt,I alt,Alder i alt,I alt,2014,24592
Randers,I alt,I alt,Alder i alt,I alt,2013,67675
Guldborgsund,I alt,I alt,Alder i alt,I alt,2013,42399
Kerteminde,I alt,I alt,Alder i alt,I alt,2018,15716
Gladsaxe,I alt,I alt,Alder i alt,I alt,2014,46910
Langeland,I alt,I alt,Alder i alt,I alt,2013,8604
Ishøj,I alt,I alt,Alder i alt,I alt,2014,15758
Kolding,I alt,I alt,Alder i alt,I alt,2013,63216
Lemvig,I alt,I alt,Alder i alt,I alt,2013,14394
Gribskov,I alt,I alt,Alder i alt,I alt,2014,28018
Middelfart,I alt,I alt,Alder i alt,I alt,2013,25899
Guldborgsund,I alt,I alt,Alder i alt,I alt,2018,40908
Middelfart,I alt,I alt,Alder i alt,I alt,2018,25767
Sønderborg,I alt,I alt,Alder i alt,I alt,2013,51399
Svendborg,I alt,I alt,Alder i alt,I alt,2018,39838
Furesø,I alt,I alt,Alder i alt,I alt,2014,25722
Dragør,I alt,I alt,Alder i alt,I alt,2013,9224
Tårnby,I alt,I alt,Alder i alt,I alt,2013,29094
Allerød,I alt,I alt,Alder i alt,I alt,2013,16139
Frederiksberg,I alt,I alt,Alder i alt,I alt,2014,76049
Albertslund,I alt,I alt,Alder i alt,I alt,2014,19599
Varde,I alt,I alt,Alder i alt,I alt,2018,33824
Fredericia,I alt,I alt,Alder i alt,I alt,2018,35009
Rudersdal,I alt,I alt,Alder i alt,I alt,2018,36270
Helsingør,I alt,I alt,Alder i alt,I alt,2014,42362
Hillerød,I alt,I alt,Alder i alt,I alt,2013,33481
Haderslev,I alt,I alt,Alder i alt,I alt,2018,37868
Sorø,I alt,I alt,Alder i alt,I alt,2013,20376
Greve,I alt,I alt,Alder i alt,I alt,2018,33373
Rudersdal,I alt,I alt,Alder i alt,I alt,2014,36115
Glostrup,I alt,I alt,Alder i alt,I alt,2013,15475
Hvidovre,I alt,I alt,Alder i alt,I alt,2013,36370
Holbæk,I alt,I alt,Alder i alt,I alt,2013,48503
Ringsted,I alt,I alt,Alder i alt,I alt,2013,23553
Tønder,I alt,I alt,Alder i alt,I alt,2018,25344
Lyngby-Taarbæk,I alt,I alt,Alder i alt,I alt,2014,37439
Greve,I alt,I alt,Alder i alt,I alt,2014,33662
Roskilde,I alt,I alt,Alder i alt,I alt,2018,60172
Kalundborg,I alt,I alt,Alder i alt,I alt,2018,32934
Egedal,I alt,I alt,Alder i alt,I alt,2013,29016
Køge,I alt,I alt,Alder i alt,I alt,2013,40848
Lolland,I alt,I alt,Alder i alt,I alt,2018,27516
Christiansø,I alt,I alt,Alder i alt,I alt,2018,60
Nyborg,I alt,I alt,Alder i alt,I alt,2018,21378
Tønder,I alt,I alt,Alder i alt,I alt,2014,26181
Varde,I alt,I alt,Alder i alt,I alt,2014,34374
Vejle,I alt,I alt,Alder i alt,I alt,2018,78518
Rødovre,I alt,I alt,Alder i alt,I alt,2013,25895
Odsherred,I alt,I alt,Alder i alt,I alt,2018,21807
Stevns,I alt,I alt,Alder i alt,I alt,2018,15350
Solrød,I alt,I alt,Alder i alt,I alt,2013,14866
Vordingborg,I alt,I alt,Alder i alt,I alt,2018,30762
Assens,I alt,I alt,Alder i alt,I alt,2018,27867
Nordfyns,I alt,I alt,Alder i alt,I alt,2014,20074
Ballerup,I alt,I alt,Alder i alt,I alt,2013,32975
Gentofte,I alt,I alt,Alder i alt,I alt,2013,50777
Odder,I alt,I alt,Alder i alt,I alt,2014,14949
Vallensbæk,I alt,I alt,Alder i alt,I alt,2013,10329
Nordfyns,I alt,I alt,Alder i alt,I alt,2018,20172
Fredericia,I alt,I alt,Alder i alt,I alt,2014,35056
Vejen,I alt,I alt,Alder i alt,I alt,2018,28923
Holstebro,I alt,I alt,Alder i alt,I alt,2014,39832
Syddjurs,I alt,I alt,Alder i alt,I alt,2014,28587
Morsø,I alt,I alt,Alder i alt,I alt,2014,14287
Næstved,I alt,I alt,Alder i alt,I alt,2014,57391
Fredensborg,I alt,I alt,Alder i alt,I alt,2013,27456
Bornholm,I alt,I alt,Alder i alt,I alt,2014,27386
Faaborg-Midtfyn,I alt,I alt,Alder i alt,I alt,2014,34570
Lejre,I alt,I alt,Alder i alt,I alt,2013,18593
Horsens,I alt,I alt,Alder i alt,I alt,2018,62626
Samsø,I alt,I alt,Alder i alt,I alt,2014,2467
Ikast-Brande,I alt,I alt,Alder i alt,I alt,2014,28135
Herlev,I alt,I alt,Alder i alt,I alt,2013,18876
Egedal,I alt,I alt,Alder i alt,I alt,2018,28909
Hørsholm,I alt,I alt,Alder i alt,I alt,2013,15966
Odense,I alt,I alt,Alder i alt,I alt,2014,143742
Billund,I alt,I alt,Alder i alt,I alt,2018,17969
Esbjerg,I alt,I alt,Alder i alt,I alt,2018,80188
Slagelse,I alt,I alt,Alder i alt,I alt,2013,54443
København,I alt,I alt,Alder i alt,I alt,2013,444369
Høje-Taastrup,I alt,I alt,Alder i alt,I alt,2013,34446
Køge,I alt,I alt,Alder i alt,I alt,2018,41416
Holbæk,I alt,I alt,Alder i alt,I alt,2018,48911
Frederikssund,I alt,I alt,Alder i alt,I alt,2013,30502
Næstved,I alt,I alt,Alder i alt,I alt,2018,57316
Billund,I alt,I alt,Alder i alt,I alt,2014,18119
Faxe,I alt,I alt,Alder i alt,I alt,2013,24667
Odense,I alt,I alt,Alder i alt,I alt,2018,147319
Vejle,I alt,I alt,Alder i alt,I alt,2014,76537
Solrød,I alt,I alt,Alder i alt,I alt,2018,15174
Ringsted,I alt,I alt,Alder i alt,I alt,2018,24315
Langeland,I alt,I alt,Alder i alt,I alt,2014,8503
Esbjerg,I alt,I alt,Alder i alt,I alt,2014,81990
Sorø,I alt,I alt,Alder i alt,I alt,2018,20222
Faaborg-Midtfyn,I alt,I alt,Alder i alt,I alt,2018,34254
Vejen,I alt,I alt,Alder i alt,I alt,2014,29010
Halsnæs,I alt,I alt,Alder i alt,I alt,2013,21414
Gribskov,I alt,I alt,Alder i alt,I alt,2013,28346
Langeland,I alt,I alt,Alder i alt,I alt,2018,8160
Randers,I alt,I alt,Alder i alt,I alt,2014,67895
Skanderborg,I alt,I alt,Alder i alt,I alt,2014,40196
Skive,I alt,I alt,Alder i alt,I alt,2014,32128
Ishøj,I alt,I alt,Alder i alt,I alt,2013,15551
Bornholm,I alt,I alt,Alder i alt,I alt,2018,26118
Lemvig,I alt,I alt,Alder i alt,I alt,2014,14180
Norddjurs,I alt,I alt,Alder i alt,I alt,2014,26609
Aabenraa,I alt,I alt,Alder i alt,I alt,2018,39864
Brøndby,I alt,I alt,Alder i alt,I alt,2013,24099
Hørsholm,I alt,I alt,Alder i alt,I alt,2018,15624
Middelfart,I alt,I alt,Alder i alt,I alt,2014,25961
Furesø,I alt,I alt,Alder i alt,I alt,2013,25485
Horsens,I alt,I alt,Alder i alt,I alt,2014,61005
Helsingør,I alt,I alt,Alder i alt,I alt,2013,42495
Ringkøbing-Skjern,I alt,I alt,Alder i alt,I alt,2014,38870
Sønderborg,I alt,I alt,Alder i alt,I alt,2018,49656
Lejre,I alt,I alt,Alder i alt,I alt,2014,18585
Guldborgsund,I alt,I alt,Alder i alt,I alt,2014,41949
Gladsaxe,I alt,I alt,Alder i alt,I alt,2013,46404
Kerteminde,I alt,I alt,Alder i alt,I alt,2014,16154
Rudersdal,I alt,I alt,Alder i alt,I alt,2013,36014
Ishøj,I alt,I alt,Alder i alt,I alt,2018,16079
Albertslund,I alt,I alt,Alder i alt,I alt,2013,19808
Ærø,I alt,I alt,Alder i alt,I alt,2014,4133
Sønderborg,I alt,I alt,Alder i alt,I alt,2014,50807
Furesø,I alt,I alt,Alder i alt,I alt,2018,26387
Greve,I alt,I alt,Alder i alt,I alt,2013,33480
Dragør,I alt,I alt,Alder i alt,I alt,2018,9011
Kalundborg,I alt,I alt,Alder i alt,I alt,2013,33629
Stevns,I alt,I alt,Alder i alt,I alt,2013,15225
Albertslund,I alt,I alt,Alder i alt,I alt,2018,19178
Svendborg,I alt,I alt,Alder i alt,I alt,2014,40250
Aabenraa,I alt,I alt,Alder i alt,I alt,2014,40678
Lyngby-Taarbæk,I alt,I alt,Alder i alt,I alt,2013,37175
Hillerød,I alt,I alt,Alder i alt,I alt,2018,34720
Roskilde,I alt,I alt,Alder i alt,I alt,2013,59152
Odsherred,I alt,I alt,Alder i alt,I alt,2013,22440
Herlev,I alt,I alt,Alder i alt,I alt,2018,19310
Frederiksberg,I alt,I alt,Alder i alt,I alt,2013,75858
Fanø,I alt,I alt,Alder i alt,I alt,2014,2213
Helsingør,I alt,I alt,Alder i alt,I alt,2018,41886
Herning,I alt,I alt,Alder i alt,I alt,2014,60650
Struer,I alt,I alt,Alder i alt,I alt,2014,14782
Favrskov,I alt,I alt,Alder i alt,I alt,2014,32280
Gentofte,I alt,I alt,Alder i alt,I alt,2018,50141
Aarhus,I alt,I alt,Alder i alt,I alt,2014,245295
Lyngby-Taarbæk,I alt,I alt,Alder i alt,I alt,2018,37912
Christiansø,I alt,I alt,Alder i alt,I alt,2014,65
Silkeborg,I alt,I alt,Alder i alt,I alt,2014,62274
Hedensted,I alt,I alt,Alder i alt,I alt,2014,31431
Aarhus,I alt,I alt,Alder i alt,I alt,2013,243700
Tårnby,I alt,I alt,Alder i alt,I alt,2018,29255
Lolland,I alt,I alt,Alder i alt,I alt,2014,29546
Vordingborg,I alt,I alt,Alder i alt,I alt,2014,31278
Assens,I alt,I alt,Alder i alt,I alt,2014,28228
Rebild,I alt,I alt,Alder i alt,I alt,2013,19793
Aalborg,I alt,I alt,Alder i alt,I alt,2013,150456
Ballerup,I alt,I alt,Alder i alt,I alt,2018,32251
Nyborg,I alt,I alt,Alder i alt,I alt,2014,21566
Kolding,I alt,I alt,Alder i alt,I alt,2014,63505
Hedensted,I alt,I alt,Alder i alt,I alt,2013,31332
Thisted,I alt,I alt,Alder i alt,I alt,2013,30788
Frederikshavn,I alt,I alt,Alder i alt,I alt,2013,42153
Gladsaxe,I alt,I alt,Alder i alt,I alt,2018,48526
Hvidovre,I alt,I alt,Alder i alt,I alt,2018,36945
Haderslev,I alt,I alt,Alder i alt,I alt,2014,38765
Allerød,I alt,I alt,Alder i alt,I alt,2018,16609
København,I alt,I alt,Alder i alt,I alt,2018,484211
Sorø,I alt,I alt,Alder i alt,I alt,2014,20284
Mariagerfjord,I alt,I alt,Alder i alt,I alt,2013,29372
Samsø,I alt,I alt,Alder i alt,I alt,2013,2512
Stevns,I alt,I alt,Alder i alt,I alt,2014,15238
Ikast-Brande,I alt,I alt,Alder i alt,I alt,2013,28077
Viborg,I alt,I alt,Alder i alt,I alt,2013,65467
Viborg,I alt,I alt,Alder i alt,I alt,2014,65703
Hjørring,I alt,I alt,Alder i alt,I alt,2013,45368
Morsø,I alt,I alt,Alder i alt,I alt,2013,14386
Rødovre,I alt,I alt,Alder i alt,I alt,2018,27333
Hjørring,I alt,I alt,Alder i alt,I alt,2014,45244
Vesthimmerlands,I alt,I alt,Alder i alt,I alt,2014,25639
Vesthimmerlands,I alt,I alt,Alder i alt,I alt,2013,25845
Skanderborg,I alt,I alt,Alder i alt,I alt,2013,40001
Vallensbæk,I alt,I alt,Alder i alt,I alt,2018,10892
Jammerbugt,I alt,I alt,Alder i alt,I alt,2014,26334
Brøndby,I alt,I alt,Alder i alt,I alt,2018,24394
Brønderslev,I alt,I alt,Alder i alt,I alt,2014,24201
Læsø,I alt,I alt,Alder i alt,I alt,2014,1208
Jammerbugt,I alt,I alt,Alder i alt,I alt,2013,26437
Fredensborg,I alt,I alt,Alder i alt,I alt,2018,27150
Rebild,I alt,I alt,Alder i alt,I alt,2014,19689
Aalborg,I alt,I alt,Alder i alt,I alt,2014,151679
Ringkøbing-Skjern,I alt,I alt,Alder i alt,I alt,2013,39031
Skive,I alt,I alt,Alder i alt,I alt,2013,32480
Læsø,I alt,I alt,Alder i alt,I alt,2013,1236
Høje-Taastrup,I alt,I alt,Alder i alt,I alt,2018,35180
Thisted,I alt,I alt,Alder i alt,I alt,2014,30530
Brønderslev,I alt,I alt,Alder i alt,I alt,2013,24161
Frederikshavn,I alt,I alt,Alder i alt,I alt,2014,41730
Glostrup,I alt,I alt,Alder i alt,I alt,2018,15555
Mariagerfjord,I alt,I alt,Alder i alt,I alt,2014,29293
Frederiksberg,I alt,I alt,Alder i alt,I alt,2007,69086
Brøndby,I alt,I alt,Alder i alt,I alt,2007,23675
Frederiksberg,I alt,I alt,Alder i alt,I alt,2018,75608
Kolding,I alt,I alt,Alder i alt,I alt,2016,64152
Gentofte,I alt,I alt,Alder i alt,I alt,2007,46588
Vejle,I alt,I alt,Alder i alt,I alt,2016,77935
Horsens,I alt,I alt,Alder i alt,I alt,2016,62035
Gentofte,I alt,I alt,Alder i alt,I alt,2016,51503
Hvidovre,I alt,I alt,Alder i alt,I alt,2016,36933
København,I alt,I alt,Alder i alt,I alt,2007,394654
Ballerup,I alt,I alt,Alder i alt,I alt,2007,32771
Dragør,I alt,I alt,Alder i alt,I alt,2007,9036
Tårnby,I alt,I alt,Alder i alt,I alt,2016,29578
Helsingør,I alt,I alt,Alder i alt,I alt,2016,42417
Frederikssund,I alt,I alt,Alder i alt,I alt,2016,30394
Solrød,I alt,I alt,Alder i alt,I alt,2016,14943
Holbæk,I alt,I alt,Alder i alt,I alt,2016,48985
Herlev,I alt,I alt,Alder i alt,I alt,2016,19314
Brøndby,I alt,I alt,Alder i alt,I alt,2016,24515
Kolding,I alt,I alt,Alder i alt,I alt,2007,62055
Rødovre,I alt,I alt,Alder i alt,I alt,2016,26354
Allerød,I alt,I alt,Alder i alt,I alt,2016,16420
Rudersdal,I alt,I alt,Alder i alt,I alt,2016,36277
Frederiksberg,I alt,I alt,Alder i alt,I alt,2016,76698
Halsnæs,I alt,I alt,Alder i alt,I alt,2016,21300
Gladsaxe,I alt,I alt,Alder i alt,I alt,2016,47816
Høje-Taastrup,I alt,I alt,Alder i alt,I alt,2016,34974
Vejle,I alt,I alt,Alder i alt,I alt,2007,73081
Gribskov,I alt,I alt,Alder i alt,I alt,2016,27715
Vallensbæk,I alt,I alt,Alder i alt,I alt,2016,10416
Hillerød,I alt,I alt,Alder i alt,I alt,2016,34328
Greve,I alt,I alt,Alder i alt,I alt,2016,33658
Sorø,I alt,I alt,Alder i alt,I alt,2007,20259
Lolland,I alt,I alt,Alder i alt,I alt,2007,33567
Guldborgsund,I alt,I alt,Alder i alt,I alt,2007,44431
Bornholm,I alt,I alt,Alder i alt,I alt,2007,29814
Dragør,I alt,I alt,Alder i alt,I alt,2016,9147
Albertslund,I alt,I alt,Alder i alt,I alt,2016,19393
Christiansø,I alt,I alt,Alder i alt,I alt,2007,71
Faaborg-Midtfyn,I alt,I alt,Alder i alt,I alt,2007,35610
Nyborg,I alt,I alt,Alder i alt,I alt,2007,21833
Fredensborg,I alt,I alt,Alder i alt,I alt,2016,27390
Ishøj,I alt,I alt,Alder i alt,I alt,2016,16076
Svendborg,I alt,I alt,Alder i alt,I alt,2007,41612
Langeland,I alt,I alt,Alder i alt,I alt,2007,9295
Egedal,I alt,I alt,Alder i alt,I alt,2016,28941
Haderslev,I alt,I alt,Alder i alt,I alt,2007,39230
Sønderborg,I alt,I alt,Alder i alt,I alt,2007,52966
Esbjerg,I alt,I alt,Alder i alt,I alt,2007,81594
Varde,I alt,I alt,Alder i alt,I alt,2007,34197
Roskilde,I alt,I alt,Alder i alt,I alt,2016,60369
Aabenraa,I alt,I alt,Alder i alt,I alt,2007,42097
Horsens,I alt,I alt,Alder i alt,I alt,2007,56937
København,I alt,I alt,Alder i alt,I alt,2016,468636
Ballerup,I alt,I alt,Alder i alt,I alt,2016,32312
Glostrup,I alt,I alt,Alder i alt,I alt,2016,15593
Lyngby-Taarbæk,I alt,I alt,Alder i alt,I alt,2016,37754
Odsherred,I alt,I alt,Alder i alt,I alt,2016,22164
Furesø,I alt,I alt,Alder i alt,I alt,2016,26632
Hørsholm,I alt,I alt,Alder i alt,I alt,2016,15817
Køge,I alt,I alt,Alder i alt,I alt,2016,41460
Tønder,I alt,I alt,Alder i alt,I alt,2016,25804
Odense,I alt,I alt,Alder i alt,I alt,2016,145454
Langeland,I alt,I alt,Alder i alt,I alt,2016,8266
Dragør,I alt,I alt,Alder i alt,I alt,2010,9239
Faaborg-Midtfyn,I alt,I alt,Alder i alt,I alt,2016,34430
Solrød,I alt,I alt,Alder i alt,I alt,2010,14786
Stevns,I alt,I alt,Alder i alt,I alt,2007,15424
Lejre,I alt,I alt,Alder i alt,I alt,2007,18567
Næstved,I alt,I alt,Alder i alt,I alt,2016,57540
Bornholm,I alt,I alt,Alder i alt,I alt,2016,26694
Glostrup,I alt,I alt,Alder i alt,I alt,2010,15052
Hvidovre,I alt,I alt,Alder i alt,I alt,2010,35149
Ringsted,I alt,I alt,Alder i alt,I alt,2016,24087
Sorø,I alt,I alt,Alder i alt,I alt,2016,20372
Næstved,I alt,I alt,Alder i alt,I alt,2007,57148
Vordingborg,I alt,I alt,Alder i alt,I alt,2007,32450
Middelfart,I alt,I alt,Alder i alt,I alt,2007,25658
Esbjerg,I alt,I alt,Alder i alt,I alt,2016,81291
Rødovre,I alt,I alt,Alder i alt,I alt,2010,25131
Assens,I alt,I alt,Alder i alt,I alt,2007,28811
Kerteminde,I alt,I alt,Alder i alt,I alt,2007,16251
Odense,I alt,I alt,Alder i alt,I alt,2007,135236
Faxe,I alt,I alt,Alder i alt,I alt,2010,24851
Ærø,I alt,I alt,Alder i alt,I alt,2016,3953
Fredericia,I alt,I alt,Alder i alt,I alt,2016,34925
Aabenraa,I alt,I alt,Alder i alt,I alt,2016,40264
Vallensbæk,I alt,I alt,Alder i alt,I alt,2010,10158
Fredensborg,I alt,I alt,Alder i alt,I alt,2010,27515
Nordfyns,I alt,I alt,Alder i alt,I alt,2007,20399
Ærø,I alt,I alt,Alder i alt,I alt,2007,4508
Billund,I alt,I alt,Alder i alt,I alt,2007,17976
Tønder,I alt,I alt,Alder i alt,I alt,2007,27831
Fanø,I alt,I alt,Alder i alt,I alt,2007,2262
Vejen,I alt,I alt,Alder i alt,I alt,2007,28852
Kerteminde,I alt,I alt,Alder i alt,I alt,2016,15912
Svendborg,I alt,I alt,Alder i alt,I alt,2016,40295
Gentofte,I alt,I alt,Alder i alt,I alt,2010,49151
Fredericia,I alt,I alt,Alder i alt,I alt,2007,34780
Vejen,I alt,I alt,Alder i alt,I alt,2016,28996
Hørsholm,I alt,I alt,Alder i alt,I alt,2010,16081
Middelfart,I alt,I alt,Alder i alt,I alt,2016,25823
Ballerup,I alt,I alt,Alder i alt,I alt,2010,32969
Slagelse,I alt,I alt,Alder i alt,I alt,2016,54806
Lejre,I alt,I alt,Alder i alt,I alt,2016,18534
Frederikssund,I alt,I alt,Alder i alt,I alt,2010,30896
Guldborgsund,I alt,I alt,Alder i alt,I alt,2016,41675
Halsnæs,I alt,I alt,Alder i alt,I alt,2010,21794
Gribskov,I alt,I alt,Alder i alt,I alt,2010,28629
Haderslev,I alt,I alt,Alder i alt,I alt,2016,38257
Sønderborg,I alt,I alt,Alder i alt,I alt,2016,50146
Faxe,I alt,I alt,Alder i alt,I alt,2016,24900
Fanø,I alt,I alt,Alder i alt,I alt,2016,2164
Glostrup,I alt,I alt,Alder i alt,I alt,2007,14479
Albertslund,I alt,I alt,Alder i alt,I alt,2007,20224
Høje-Taastrup,I alt,I alt,Alder i alt,I alt,2007,33917
Rødovre,I alt,I alt,Alder i alt,I alt,2007,24773
Tårnby,I alt,I alt,Alder i alt,I alt,2007,27769
Furesø,I alt,I alt,Alder i alt,I alt,2007,25341
Fredensborg,I alt,I alt,Alder i alt,I alt,2007,27404
Hillerød,I alt,I alt,Alder i alt,I alt,2007,31990
Christiansø,I alt,I alt,Alder i alt,I alt,2016,57
Nyborg,I alt,I alt,Alder i alt,I alt,2016,21714
Herlev,I alt,I alt,Alder i alt,I alt,2010,18388
Rudersdal,I alt,I alt,Alder i alt,I alt,2007,35468
København,I alt,I alt,Alder i alt,I alt,2010,419851
Frederikssund,I alt,I alt,Alder i alt,I alt,2007,30815
Køge,I alt,I alt,Alder i alt,I alt,2007,39711
Roskilde,I alt,I alt,Alder i alt,I alt,2007,56954
Gribskov,I alt,I alt,Alder i alt,I alt,2007,28576
Nordfyns,I alt,I alt,Alder i alt,I alt,2016,20146
Høje-Taastrup,I alt,I alt,Alder i alt,I alt,2010,34003
Holbæk,I alt,I alt,Alder i alt,I alt,2007,48713
Varde,I alt,I alt,Alder i alt,I alt,2016,34346
Lolland,I alt,I alt,Alder i alt,I alt,2016,28577
Vordingborg,I alt,I alt,Alder i alt,I alt,2016,31223
Assens,I alt,I alt,Alder i alt,I alt,2016,28256
Billund,I alt,I alt,Alder i alt,I alt,2016,18102
Kalundborg,I alt,I alt,Alder i alt,I alt,2016,33266
Stevns,I alt,I alt,Alder i alt,I alt,2016,15291
Ishøj,I alt,I alt,Alder i alt,I alt,2010,15187
Furesø,I alt,I alt,Alder i alt,I alt,2010,25672
Helsingør,I alt,I alt,Alder i alt,I alt,2010,42462
Kalundborg,I alt,I alt,Alder i alt,I alt,2007,34744
Brønderslev,I alt,I alt,Alder i alt,I alt,2016,24251
Læsø,I alt,I alt,Alder i alt,I alt,2016,1166
Silkeborg,I alt,I alt,Alder i alt,I alt,2016,62554
Aarhus,I alt,I alt,Alder i alt,I alt,2016,250473
Rudersdal,I alt,I alt,Alder i alt,I alt,2010,36053
Slagelse,I alt,I alt,Alder i alt,I alt,2007,54568
Odsherred,I alt,I alt,Alder i alt,I alt,2010,22958
Holstebro,I alt,I alt,Alder i alt,I alt,2016,39754
Syddjurs,I alt,I alt,Alder i alt,I alt,2016,28415
Greve,I alt,I alt,Alder i alt,I alt,2010,34043
Rebild,I alt,I alt,Alder i alt,I alt,2016,19715
Aalborg,I alt,I alt,Alder i alt,I alt,2016,153843
Roskilde,I alt,I alt,Alder i alt,I alt,2010,58264
Odder,I alt,I alt,Alder i alt,I alt,2016,15079
Brøndby,I alt,I alt,Alder i alt,I alt,2010,23781
Gladsaxe,I alt,I alt,Alder i alt,I alt,2010,45205
Albertslund,I alt,I alt,Alder i alt,I alt,2010,20040
Thisted,I alt,I alt,Alder i alt,I alt,2016,29938
Hedensted,I alt,I alt,Alder i alt,I alt,2016,31601
Frederikshavn,I alt,I alt,Alder i alt,I alt,2016,41073
Lyngby-Taarbæk,I alt,I alt,Alder i alt,I alt,2010,35942
Samsø,I alt,I alt,Alder i alt,I alt,2016,2428
Norddjurs,I alt,I alt,Alder i alt,I alt,2016,26553
Mariagerfjord,I alt,I alt,Alder i alt,I alt,2016,29111
Lemvig,I alt,I alt,Alder i alt,I alt,2016,13780
Gladsaxe,I alt,I alt,Alder i alt,I alt,2007,43097
Randers,I alt,I alt,Alder i alt,I alt,2016,68137
Ikast-Brande,I alt,I alt,Alder i alt,I alt,2016,28135
Tårnby,I alt,I alt,Alder i alt,I alt,2010,28398
Allerød,I alt,I alt,Alder i alt,I alt,2010,16268
Herlev,I alt,I alt,Alder i alt,I alt,2007,18345
Lyngby-Taarbæk,I alt,I alt,Alder i alt,I alt,2007,34584
Ishøj,I alt,I alt,Alder i alt,I alt,2007,15284
Hillerød,I alt,I alt,Alder i alt,I alt,2010,32857
Holbæk,I alt,I alt,Alder i alt,I alt,2010,49134
Vallensbæk,I alt,I alt,Alder i alt,I alt,2007,8936
Allerød,I alt,I alt,Alder i alt,I alt,2007,16006
Helsingør,I alt,I alt,Alder i alt,I alt,2007,42206
Frederiksberg,I alt,I alt,Alder i alt,I alt,2010,73346
Morsø,I alt,I alt,Alder i alt,I alt,2016,13953
Viborg,I alt,I alt,Alder i alt,I alt,2016,66013
Hjørring,I alt,I alt,Alder i alt,I alt,2016,44680
Egedal,I alt,I alt,Alder i alt,I alt,2010,28921
Køge,I alt,I alt,Alder i alt,I alt,2010,40192
Hvidovre,I alt,I alt,Alder i alt,I alt,2007,34512
Skanderborg,I alt,I alt,Alder i alt,I alt,2016,40831
Hørsholm,I alt,I alt,Alder i alt,I alt,2007,15984
Egedal,I alt,I alt,Alder i alt,I alt,2007,28528
Vesthimmerlands,I alt,I alt,Alder i alt,I alt,2016,25319
Greve,I alt,I alt,Alder i alt,I alt,2007,34091
Halsnæs,I alt,I alt,Alder i alt,I alt,2007,21750
Solrød,I alt,I alt,Alder i alt,I alt,2007,14653
Odsherred,I alt,I alt,Alder i alt,I alt,2007,23256
Vordingborg,I alt,I alt,Alder i alt,I alt,2010,32136
Lolland,I alt,I alt,Alder i alt,I alt,2010,32213
Faxe,I alt,I alt,Alder i alt,I alt,2007,24915
Bornholm,I alt,I alt,Alder i alt,I alt,2010,29149
Herning,I alt,I alt,Alder i alt,I alt,2016,61441
Struer,I alt,I alt,Alder i alt,I alt,2016,14442
Næstved,I alt,I alt,Alder i alt,I alt,2010,57320
Favrskov,I alt,I alt,Alder i alt,I alt,2016,32415
Sorø,I alt,I alt,Alder i alt,I alt,2010,20542
Stevns,I alt,I alt,Alder i alt,I alt,2010,15348
Ringsted,I alt,I alt,Alder i alt,I alt,2007,22519
Jammerbugt,I alt,I alt,Alder i alt,I alt,2016,26117
Middelfart,I alt,I alt,Alder i alt,I alt,2010,25828
Ringkøbing-Skjern,I alt,I alt,Alder i alt,I alt,2016,38438
Guldborgsund,I alt,I alt,Alder i alt,I alt,2010,43879
Lejre,I alt,I alt,Alder i alt,I alt,2010,18620
Skive,I alt,I alt,Alder i alt,I alt,2016,31804
Faaborg-Midtfyn,I alt,I alt,Alder i alt,I alt,2010,35504
Gentofte,I alt,I alt,Alder i alt,I alt,2009,48359
Christiansø,I alt,I alt,Alder i alt,I alt,2010,66
Gladsaxe,I alt,I alt,Alder i alt,I alt,2009,44352
Assens,I alt,I alt,Alder i alt,I alt,2010,28716
Glostrup,I alt,I alt,Alder i alt,I alt,2009,14943
Slagelse,I alt,I alt,Alder i alt,I alt,2010,54834
Herlev,I alt,I alt,Alder i alt,I alt,2009,18369
Ringsted,I alt,I alt,Alder i alt,I alt,2010,23115
Ballerup,I alt,I alt,Alder i alt,I alt,2009,32954
Kalundborg,I alt,I alt,Alder i alt,I alt,2010,34350
Syddjurs,I alt,I alt,Alder i alt,I alt,2007,28546
Dragør,I alt,I alt,Alder i alt,I alt,2009,9172
Favrskov,I alt,I alt,Alder i alt,I alt,2007,31283
Randers,I alt,I alt,Alder i alt,I alt,2007,65836
Samsø,I alt,I alt,Alder i alt,I alt,2007,2731
Aarhus,I alt,I alt,Alder i alt,I alt,2007,221630
Brøndby,I alt,I alt,Alder i alt,I alt,2009,23661
Horsens,I alt,I alt,Alder i alt,I alt,2010,58592
Herning,I alt,I alt,Alder i alt,I alt,2007,59089
Rødovre,I alt,I alt,Alder i alt,I alt,2009,24884
Vallensbæk,I alt,I alt,Alder i alt,I alt,2009,9878
Fredensborg,I alt,I alt,Alder i alt,I alt,2009,27422
Ringkøbing-Skjern,I alt,I alt,Alder i alt,I alt,2010,39826
Lemvig,I alt,I alt,Alder i alt,I alt,2007,15123
Aalborg,I alt,I alt,Alder i alt,I alt,2010,144662
Ringkøbing-Skjern,I alt,I alt,Alder i alt,I alt,2007,39825
Morsø,I alt,I alt,Alder i alt,I alt,2007,15136
Thisted,I alt,I alt,Alder i alt,I alt,2007,31555
Brønderslev,I alt,I alt,Alder i alt,I alt,2007,24280
Vesthimmerlands,I alt,I alt,Alder i alt,I alt,2007,26256
Rebild,I alt,I alt,Alder i alt,I alt,2007,19695
Jammerbugt,I alt,I alt,Alder i alt,I alt,2007,26988
Hjørring,I alt,I alt,Alder i alt,I alt,2007,46450
Rebild,I alt,I alt,Alder i alt,I alt,2010,19808
Hørsholm,I alt,I alt,Alder i alt,I alt,2009,16051
Frederikssund,I alt,I alt,Alder i alt,I alt,2009,30850
Halsnæs,I alt,I alt,Alder i alt,I alt,2009,21867
Gribskov,I alt,I alt,Alder i alt,I alt,2009,28703
Herning,I alt,I alt,Alder i alt,I alt,2010,60277
Holbæk,I alt,I alt,Alder i alt,I alt,2009,49021
Struer,I alt,I alt,Alder i alt,I alt,2010,15416
Favrskov,I alt,I alt,Alder i alt,I alt,2010,32119
Silkeborg,I alt,I alt,Alder i alt,I alt,2010,61821
Aarhus,I alt,I alt,Alder i alt,I alt,2010,232787
Guldborgsund,I alt,I alt,Alder i alt,I alt,2009,44027
Sønderborg,I alt,I alt,Alder i alt,I alt,2010,52190
Faaborg-Midtfyn,I alt,I alt,Alder i alt,I alt,2009,35756
Stevns,I alt,I alt,Alder i alt,I alt,2009,15389
Thisted,I alt,I alt,Alder i alt,I alt,2010,31380
Frederikshavn,I alt,I alt,Alder i alt,I alt,2010,43229
Bornholm,I alt,I alt,Alder i alt,I alt,2009,29371
Aabenraa,I alt,I alt,Alder i alt,I alt,2010,41689
Nyborg,I alt,I alt,Alder i alt,I alt,2009,21864
Nordfyns,I alt,I alt,Alder i alt,I alt,2009,20505
Ærø,I alt,I alt,Alder i alt,I alt,2009,4519
Sønderborg,I alt,I alt,Alder i alt,I alt,2009,52540
Kalundborg,I alt,I alt,Alder i alt,I alt,2009,34508
Hedensted,I alt,I alt,Alder i alt,I alt,2010,31420
Lejre,I alt,I alt,Alder i alt,I alt,2009,18606
Fanø,I alt,I alt,Alder i alt,I alt,2010,2269
Christiansø,I alt,I alt,Alder i alt,I alt,2009,73
Mariagerfjord,I alt,I alt,Alder i alt,I alt,2010,29711
Kolding,I alt,I alt,Alder i alt,I alt,2010,62750
Hjørring,I alt,I alt,Alder i alt,I alt,2010,46261
Slagelse,I alt,I alt,Alder i alt,I alt,2009,54722
Næstved,I alt,I alt,Alder i alt,I alt,2009,57379
Syddjurs,I alt,I alt,Alder i alt,I alt,2010,28790
Odder,I alt,I alt,Alder i alt,I alt,2010,15050
Assens,I alt,I alt,Alder i alt,I alt,2009,28876
Svendborg,I alt,I alt,Alder i alt,I alt,2009,41683
Norddjurs,I alt,I alt,Alder i alt,I alt,2007,26911
Haderslev,I alt,I alt,Alder i alt,I alt,2009,39238
Haderslev,I alt,I alt,Alder i alt,I alt,2010,39205
Varde,I alt,I alt,Alder i alt,I alt,2010,34529
Odder,I alt,I alt,Alder i alt,I alt,2007,14831
Silkeborg,I alt,I alt,Alder i alt,I alt,2007,60821
Skanderborg,I alt,I alt,Alder i alt,I alt,2007,38812
Holstebro,I alt,I alt,Alder i alt,I alt,2010,39988
Samsø,I alt,I alt,Alder i alt,I alt,2010,2618
Vordingborg,I alt,I alt,Alder i alt,I alt,2009,32192
Viborg,I alt,I alt,Alder i alt,I alt,2010,65193
Tønder,I alt,I alt,Alder i alt,I alt,2010,27473
Holstebro,I alt,I alt,Alder i alt,I alt,2007,40006
Struer,I alt,I alt,Alder i alt,I alt,2007,15753
Faxe,I alt,I alt,Alder i alt,I alt,2009,24898
Sorø,I alt,I alt,Alder i alt,I alt,2009,20530
Ikast-Brande,I alt,I alt,Alder i alt,I alt,2007,27703
Hedensted,I alt,I alt,Alder i alt,I alt,2007,31018
Skive,I alt,I alt,Alder i alt,I alt,2007,33469
Ikast-Brande,I alt,I alt,Alder i alt,I alt,2010,28198
Morsø,I alt,I alt,Alder i alt,I alt,2010,14914
Vesthimmerlands,I alt,I alt,Alder i alt,I alt,2010,26085
Viborg,I alt,I alt,Alder i alt,I alt,2007,64193
Frederikshavn,I alt,I alt,Alder i alt,I alt,2007,44112
Læsø,I alt,I alt,Alder i alt,I alt,2007,1344
Kerteminde,I alt,I alt,Alder i alt,I alt,2009,16328
Langeland,I alt,I alt,Alder i alt,I alt,2009,9169
Mariagerfjord,I alt,I alt,Alder i alt,I alt,2007,29567
Aalborg,I alt,I alt,Alder i alt,I alt,2007,141624
Billund,I alt,I alt,Alder i alt,I alt,2009,18131
Ringsted,I alt,I alt,Alder i alt,I alt,2009,22949
Fredericia,I alt,I alt,Alder i alt,I alt,2010,35226
Lolland,I alt,I alt,Alder i alt,I alt,2009,32804
Middelfart,I alt,I alt,Alder i alt,I alt,2009,25968
Jammerbugt,I alt,I alt,Alder i alt,I alt,2010,26960
Odense,I alt,I alt,Alder i alt,I alt,2009,136726
Albertslund,I alt,I alt,Alder i alt,I alt,2009,20273
Lyngby-Taarbæk,I alt,I alt,Alder i alt,I alt,2009,35381
Vejle,I alt,I alt,Alder i alt,I alt,2010,74562
Norddjurs,I alt,I alt,Alder i alt,I alt,2010,26725
Randers,I alt,I alt,Alder i alt,I alt,2010,67119
Skanderborg,I alt,I alt,Alder i alt,I alt,2010,39802
Tårnby,I alt,I alt,Alder i alt,I alt,2009,28146
Allerød,I alt,I alt,Alder i alt,I alt,2009,16311
Hillerød,I alt,I alt,Alder i alt,I alt,2009,32500
Vejen,I alt,I alt,Alder i alt,I alt,2010,29043
Læsø,I alt,I alt,Alder i alt,I alt,2010,1331
Billund,I alt,I alt,Alder i alt,I alt,2010,18074
Esbjerg,I alt,I alt,Alder i alt,I alt,2010,82627
Egedal,I alt,I alt,Alder i alt,I alt,2009,28937
Lemvig,I alt,I alt,Alder i alt,I alt,2010,14867
Køge,I alt,I alt,Alder i alt,I alt,2009,39954
Solrød,I alt,I alt,Alder i alt,I alt,2009,14715
Skive,I alt,I alt,Alder i alt,I alt,2010,33289
Brønderslev,I alt,I alt,Alder i alt,I alt,2010,24418
Høje-Taastrup,I alt,I alt,Alder i alt,I alt,2009,34149
Langeland,I alt,I alt,Alder i alt,I alt,2010,9077
Furesø,I alt,I alt,Alder i alt,I alt,2009,25648
Helsingør,I alt,I alt,Alder i alt,I alt,2009,42395
Kerteminde,I alt,I alt,Alder i alt,I alt,2010,16301
Ærø,I alt,I alt,Alder i alt,I alt,2010,4499
Svendborg,I alt,I alt,Alder i alt,I alt,2010,41384
Ishøj,I alt,I alt,Alder i alt,I alt,2009,15188
Nyborg,I alt,I alt,Alder i alt,I alt,2010,21810
Rudersdal,I alt,I alt,Alder i alt,I alt,2009,35740
Nordfyns,I alt,I alt,Alder i alt,I alt,2010,20511
Roskilde,I alt,I alt,Alder i alt,I alt,2009,57803
Odsherred,I alt,I alt,Alder i alt,I alt,2009,23090
Odense,I alt,I alt,Alder i alt,I alt,2010,137951
Greve,I alt,I alt,Alder i alt,I alt,2009,34067
Hvidovre,I alt,I alt,Alder i alt,I alt,2009,34717
Vejle,I alt,I alt,Alder i alt,I alt,2009,74075
Aarhus,I alt,I alt,Alder i alt,I alt,2012,239638
Ringkøbing-Skjern,I alt,I alt,Alder i alt,I alt,2021,37421
Norddjurs,I alt,I alt,Alder i alt,I alt,2009,26748
Randers,I alt,I alt,Alder i alt,I alt,2009,66629
Hjørring,I alt,I alt,Alder i alt,I alt,2012,45737
Skive,I alt,I alt,Alder i alt,I alt,2021,30182
Hedensted,I alt,I alt,Alder i alt,I alt,2012,31487
Jammerbugt,I alt,I alt,Alder i alt,I alt,2021,24970
Silkeborg,I alt,I alt,Alder i alt,I alt,2012,62134
Aarhus,I alt,I alt,Alder i alt,I alt,2021,263741
Brønderslev,I alt,I alt,Alder i alt,I alt,2021,23868
Skive,I alt,I alt,Alder i alt,I alt,2009,33367
Læsø,I alt,I alt,Alder i alt,I alt,2009,1341
Læsø,I alt,I alt,Alder i alt,I alt,2021,1065
Lemvig,I alt,I alt,Alder i alt,I alt,2009,15001
Viborg,I alt,I alt,Alder i alt,I alt,2012,65478
Vesthimmerlands,I alt,I alt,Alder i alt,I alt,2012,25945
Jammerbugt,I alt,I alt,Alder i alt,I alt,2012,26830
Ringkøbing-Skjern,I alt,I alt,Alder i alt,I alt,2009,40173
Brønderslev,I alt,I alt,Alder i alt,I alt,2009,24427
København,I alt,I alt,Alder i alt,I alt,2011,428002
Rebild,I alt,I alt,Alder i alt,I alt,2011,19862
Aalborg,I alt,I alt,Alder i alt,I alt,2009,143297
Vejen,I alt,I alt,Alder i alt,I alt,2009,29068
Hedensted,I alt,I alt,Alder i alt,I alt,2021,31866
Mariagerfjord,I alt,I alt,Alder i alt,I alt,2011,29795
Thisted,I alt,I alt,Alder i alt,I alt,2021,28630
Rebild,I alt,I alt,Alder i alt,I alt,2021,20166
Morsø,I alt,I alt,Alder i alt,I alt,2012,14547
Hjørring,I alt,I alt,Alder i alt,I alt,2011,46130
Rebild,I alt,I alt,Alder i alt,I alt,2009,19742
Esbjerg,I alt,I alt,Alder i alt,I alt,2009,82348
Horsens,I alt,I alt,Alder i alt,I alt,2009,57760
Aalborg,I alt,I alt,Alder i alt,I alt,2021,158831
Samsø,I alt,I alt,Alder i alt,I alt,2021,2324
Ikast-Brande,I alt,I alt,Alder i alt,I alt,2012,28105
Læsø,I alt,I alt,Alder i alt,I alt,2012,1250
Jammerbugt,I alt,I alt,Alder i alt,I alt,2011,26848
Vesthimmerlands,I alt,I alt,Alder i alt,I alt,2011,25925
Frederikshavn,I alt,I alt,Alder i alt,I alt,2021,38653
Samsø,I alt,I alt,Alder i alt,I alt,2012,2539
Aalborg,I alt,I alt,Alder i alt,I alt,2012,148482
Læsø,I alt,I alt,Alder i alt,I alt,2011,1306
Ikast-Brande,I alt,I alt,Alder i alt,I alt,2021,28245
Aarhus,I alt,I alt,Alder i alt,I alt,2009,229500
Brønderslev,I alt,I alt,Alder i alt,I alt,2012,24190
Rebild,I alt,I alt,Alder i alt,I alt,2012,19781
Aalborg,I alt,I alt,Alder i alt,I alt,2011,146765
Skive,I alt,I alt,Alder i alt,I alt,2012,32736
Lyngby-Taarbæk,I alt,I alt,Alder i alt,I alt,2011,36247
Skanderborg,I alt,I alt,Alder i alt,I alt,2012,39967
Helsingør,I alt,I alt,Alder i alt,I alt,2011,42476
Mariagerfjord,I alt,I alt,Alder i alt,I alt,2021,27999
Skanderborg,I alt,I alt,Alder i alt,I alt,2021,42036
Morsø,I alt,I alt,Alder i alt,I alt,2021,13103
Struer,I alt,I alt,Alder i alt,I alt,2009,15619
Favrskov,I alt,I alt,Alder i alt,I alt,2009,31869
Silkeborg,I alt,I alt,Alder i alt,I alt,2009,61491
Frederikssund,I alt,I alt,Alder i alt,I alt,2011,30731
Solrød,I alt,I alt,Alder i alt,I alt,2011,14847
Holbæk,I alt,I alt,Alder i alt,I alt,2011,48996
Viborg,I alt,I alt,Alder i alt,I alt,2021,65372
Thisted,I alt,I alt,Alder i alt,I alt,2009,31505
Frederikshavn,I alt,I alt,Alder i alt,I alt,2009,43563
Ringkøbing-Skjern,I alt,I alt,Alder i alt,I alt,2012,39389
Ringsted,I alt,I alt,Alder i alt,I alt,2011,23368
Ballerup,I alt,I alt,Alder i alt,I alt,2011,33027
Herning,I alt,I alt,Alder i alt,I alt,2009,59984
Randers,I alt,I alt,Alder i alt,I alt,2012,67615
Glostrup,I alt,I alt,Alder i alt,I alt,2011,15168
Vesthimmerlands,I alt,I alt,Alder i alt,I alt,2021,24005
Hjørring,I alt,I alt,Alder i alt,I alt,2021,42627
Sorø,I alt,I alt,Alder i alt,I alt,2011,20495
Næstved,I alt,I alt,Alder i alt,I alt,2011,57190
Aabenraa,I alt,I alt,Alder i alt,I alt,2009,41926
Frederikshavn,I alt,I alt,Alder i alt,I alt,2012,42552
Mariagerfjord,I alt,I alt,Alder i alt,I alt,2012,29613
Esbjerg,I alt,I alt,Alder i alt,I alt,2021,78912
Horsens,I alt,I alt,Alder i alt,I alt,2021,64746
Hedensted,I alt,I alt,Alder i alt,I alt,2009,31398
Thisted,I alt,I alt,Alder i alt,I alt,2012,30960
Tårnby,I alt,I alt,Alder i alt,I alt,2011,28716
Mariagerfjord,I alt,I alt,Alder i alt,I alt,2009,29702
Halsnæs,I alt,I alt,Alder i alt,I alt,2011,21768
Frederiksberg,I alt,I alt,Alder i alt,I alt,2012,75686
Gentofte,I alt,I alt,Alder i alt,I alt,2011,49851
Faaborg-Midtfyn,I alt,I alt,Alder i alt,I alt,2021,33882
Gladsaxe,I alt,I alt,Alder i alt,I alt,2012,46105
Høje-Taastrup,I alt,I alt,Alder i alt,I alt,2012,34281
Hvidovre,I alt,I alt,Alder i alt,I alt,2011,35460
Langeland,I alt,I alt,Alder i alt,I alt,2021,7799
Hjørring,I alt,I alt,Alder i alt,I alt,2009,46392
Fanø,I alt,I alt,Alder i alt,I alt,2009,2276
Hillerød,I alt,I alt,Alder i alt,I alt,2012,33315
Egedal,I alt,I alt,Alder i alt,I alt,2012,29040
Rudersdal,I alt,I alt,Alder i alt,I alt,2011,35980
Favrskov,I alt,I alt,Alder i alt,I alt,2021,32304
Kolding,I alt,I alt,Alder i alt,I alt,2009,62769
Vallensbæk,I alt,I alt,Alder i alt,I alt,2012,10204
Allerød,I alt,I alt,Alder i alt,I alt,2011,16191
Syddjurs,I alt,I alt,Alder i alt,I alt,2009,28619
Odder,I alt,I alt,Alder i alt,I alt,2009,14928
Herning,I alt,I alt,Alder i alt,I alt,2021,60732
Struer,I alt,I alt,Alder i alt,I alt,2021,13655
Silkeborg,I alt,I alt,Alder i alt,I alt,2021,65214
Samsø,I alt,I alt,Alder i alt,I alt,2009,2693
Køge,I alt,I alt,Alder i alt,I alt,2012,40541
Gribskov,I alt,I alt,Alder i alt,I alt,2011,28450
Viborg,I alt,I alt,Alder i alt,I alt,2009,64937
Vesthimmerlands,I alt,I alt,Alder i alt,I alt,2009,26257
Albertslund,I alt,I alt,Alder i alt,I alt,2012,19959
Ishøj,I alt,I alt,Alder i alt,I alt,2012,15311
Fredensborg,I alt,I alt,Alder i alt,I alt,2012,27533
Hørsholm,I alt,I alt,Alder i alt,I alt,2012,15992
Herlev,I alt,I alt,Alder i alt,I alt,2011,18376
Rødovre,I alt,I alt,Alder i alt,I alt,2011,25440
Holstebro,I alt,I alt,Alder i alt,I alt,2009,39945
Greve,I alt,I alt,Alder i alt,I alt,2011,33888
Ikast-Brande,I alt,I alt,Alder i alt,I alt,2009,27995
Morsø,I alt,I alt,Alder i alt,I alt,2009,15029
Dragør,I alt,I alt,Alder i alt,I alt,2012,9239
Faxe,I alt,I alt,Alder i alt,I alt,2011,24834
Slagelse,I alt,I alt,Alder i alt,I alt,2011,54832
Aabenraa,I alt,I alt,Alder i alt,I alt,2021,39052
Jammerbugt,I alt,I alt,Alder i alt,I alt,2009,27067
Varde,I alt,I alt,Alder i alt,I alt,2009,34518
Fredericia,I alt,I alt,Alder i alt,I alt,2009,35004
Brøndby,I alt,I alt,Alder i alt,I alt,2011,23874
Faxe,I alt,I alt,Alder i alt,I alt,2021,25290
Slagelse,I alt,I alt,Alder i alt,I alt,2021,54623
Hillerød,I alt,I alt,Alder i alt,I alt,2011,33263
Lejre,I alt,I alt,Alder i alt,I alt,2021,18725
Guldborgsund,I alt,I alt,Alder i alt,I alt,2021,39788
Sønderborg,I alt,I alt,Alder i alt,I alt,2021,48615
Tønder,I alt,I alt,Alder i alt,I alt,2009,27561
Lejre,I alt,I alt,Alder i alt,I alt,2011,18675
Guldborgsund,I alt,I alt,Alder i alt,I alt,2011,43317
Skanderborg,I alt,I alt,Alder i alt,I alt,2009,39564
Solrød,I alt,I alt,Alder i alt,I alt,2012,14786
Vallensbæk,I alt,I alt,Alder i alt,I alt,2011,10229
Middelfart,I alt,I alt,Alder i alt,I alt,2021,26323
Kerteminde,I alt,I alt,Alder i alt,I alt,2021,15630
Lyngby-Taarbæk,I alt,I alt,Alder i alt,I alt,2012,36745
Roskilde,I alt,I alt,Alder i alt,I alt,2011,58690
Ærø,I alt,I alt,Alder i alt,I alt,2021,3718
Fanø,I alt,I alt,Alder i alt,I alt,2021,2057
Furesø,I alt,I alt,Alder i alt,I alt,2012,25488
Frederikssund,I alt,I alt,Alder i alt,I alt,2012,30681
Frederiksberg,I alt,I alt,Alder i alt,I alt,2011,74486
Kolding,I alt,I alt,Alder i alt,I alt,2021,63927
Syddjurs,I alt,I alt,Alder i alt,I alt,2021,28408
København,I alt,I alt,Alder i alt,I alt,2012,435601
Ballerup,I alt,I alt,Alder i alt,I alt,2012,32977
Høje-Taastrup,I alt,I alt,Alder i alt,I alt,2011,34263
Glostrup,I alt,I alt,Alder i alt,I alt,2012,15355
Svendborg,I alt,I alt,Alder i alt,I alt,2021,39455
Frederiksberg,I alt,I alt,Alder i alt,I alt,2009,71635
Gladsaxe,I alt,I alt,Alder i alt,I alt,2011,45525
Odder,I alt,I alt,Alder i alt,I alt,2021,15149
Fredensborg,I alt,I alt,Alder i alt,I alt,2011,27642
Egedal,I alt,I alt,Alder i alt,I alt,2011,28981
Halsnæs,I alt,I alt,Alder i alt,I alt,2012,21553
Gentofte,I alt,I alt,Alder i alt,I alt,2012,50158
København,I alt,I alt,Alder i alt,I alt,2009,410281
Hvidovre,I alt,I alt,Alder i alt,I alt,2012,36074
Holstebro,I alt,I alt,Alder i alt,I alt,2021,39331
Helsingør,I alt,I alt,Alder i alt,I alt,2012,42590
Rudersdal,I alt,I alt,Alder i alt,I alt,2012,35974
Odsherred,I alt,I alt,Alder i alt,I alt,2011,22754
Kalundborg,I alt,I alt,Alder i alt,I alt,2011,34098
Tårnby,I alt,I alt,Alder i alt,I alt,2012,28825
Albertslund,I alt,I alt,Alder i alt,I alt,2011,19985
Ishøj,I alt,I alt,Alder i alt,I alt,2011,15389
Haderslev,I alt,I alt,Alder i alt,I alt,2021,37254
Varde,I alt,I alt,Alder i alt,I alt,2021,33037
Herlev,I alt,I alt,Alder i alt,I alt,2019,19618
Køge,I alt,I alt,Alder i alt,I alt,2011,40162
Odsherred,I alt,I alt,Alder i alt,I alt,2021,21209
Vallensbæk,I alt,I alt,Alder i alt,I alt,2019,10867
Stevns,I alt,I alt,Alder i alt,I alt,2011,15322
Lolland,I alt,I alt,Alder i alt,I alt,2011,31617
Kalundborg,I alt,I alt,Alder i alt,I alt,2021,32422
Lolland,I alt,I alt,Alder i alt,I alt,2021,26204
Dragør,I alt,I alt,Alder i alt,I alt,2011,9225
Christiansø,I alt,I alt,Alder i alt,I alt,2021,59
Hørsholm,I alt,I alt,Alder i alt,I alt,2011,15976
Fredericia,I alt,I alt,Alder i alt,I alt,2021,35083
Fredensborg,I alt,I alt,Alder i alt,I alt,2019,26861
Stevns,I alt,I alt,Alder i alt,I alt,2021,15474
Vordingborg,I alt,I alt,Alder i alt,I alt,2021,29968
Greve,I alt,I alt,Alder i alt,I alt,2012,33776
Furesø,I alt,I alt,Alder i alt,I alt,2011,25612
Nyborg,I alt,I alt,Alder i alt,I alt,2021,21281
Tønder,I alt,I alt,Alder i alt,I alt,2021,24457
Høje-Taastrup,I alt,I alt,Alder i alt,I alt,2019,35213
Brøndby,I alt,I alt,Alder i alt,I alt,2012,23993
Herlev,I alt,I alt,Alder i alt,I alt,2012,18506
Rødovre,I alt,I alt,Alder i alt,I alt,2012,25827
Brøndby,I alt,I alt,Alder i alt,I alt,2019,24052
Allerød,I alt,I alt,Alder i alt,I alt,2012,16235
Assens,I alt,I alt,Alder i alt,I alt,2021,27248
Hørsholm,I alt,I alt,Alder i alt,I alt,2019,15345
Ikast-Brande,I alt,I alt,Alder i alt,I alt,2011,28212
Morsø,I alt,I alt,Alder i alt,I alt,2011,14720
Viborg,I alt,I alt,Alder i alt,I alt,2011,65290
Vejle,I alt,I alt,Alder i alt,I alt,2021,80703
Norddjurs,I alt,I alt,Alder i alt,I alt,2021,25068
Randers,I alt,I alt,Alder i alt,I alt,2021,67537
Gladsaxe,I alt,I alt,Alder i alt,I alt,2019,48074
Ishøj,I alt,I alt,Alder i alt,I alt,2019,15959
Roskilde,I alt,I alt,Alder i alt,I alt,2012,58931
Tønder,I alt,I alt,Alder i alt,I alt,2011,27164
Fredericia,I alt,I alt,Alder i alt,I alt,2011,35266
Frederikssund,I alt,I alt,Alder i alt,I alt,2019,30209
Nordfyns,I alt,I alt,Alder i alt,I alt,2021,19859
Frederiksberg,I alt,I alt,Alder i alt,I alt,2019,75686
Sønderborg,I alt,I alt,Alder i alt,I alt,2012,51825
Herning,I alt,I alt,Alder i alt,I alt,2012,60798
Lemvig,I alt,I alt,Alder i alt,I alt,2021,12784
Struer,I alt,I alt,Alder i alt,I alt,2012,15124
Favrskov,I alt,I alt,Alder i alt,I alt,2012,32299
Nordfyns,I alt,I alt,Alder i alt,I alt,2011,20437
Furesø,I alt,I alt,Alder i alt,I alt,2019,26352
Middelfart,I alt,I alt,Alder i alt,I alt,2012,25906
Aabenraa,I alt,I alt,Alder i alt,I alt,2012,41238
Albertslund,I alt,I alt,Alder i alt,I alt,2019,18997
Odsherred,I alt,I alt,Alder i alt,I alt,2012,22580
Vejle,I alt,I alt,Alder i alt,I alt,2011,75172
Holbæk,I alt,I alt,Alder i alt,I alt,2021,49521
Ringsted,I alt,I alt,Alder i alt,I alt,2021,24544
Kerteminde,I alt,I alt,Alder i alt,I alt,2012,16321
Ærø,I alt,I alt,Alder i alt,I alt,2012,4379
Skanderborg,I alt,I alt,Alder i alt,I alt,2011,40081
Billund,I alt,I alt,Alder i alt,I alt,2021,17796
Vejen,I alt,I alt,Alder i alt,I alt,2021,28542
Helsingør,I alt,I alt,Alder i alt,I alt,2019,41759
Kalundborg,I alt,I alt,Alder i alt,I alt,2012,33796
Norddjurs,I alt,I alt,Alder i alt,I alt,2011,26653
Randers,I alt,I alt,Alder i alt,I alt,2011,67403
Sorø,I alt,I alt,Alder i alt,I alt,2021,20286
Næstved,I alt,I alt,Alder i alt,I alt,2021,57199
Svendborg,I alt,I alt,Alder i alt,I alt,2012,40843
Fanø,I alt,I alt,Alder i alt,I alt,2012,2268
Bornholm,I alt,I alt,Alder i alt,I alt,2011,28823
Bornholm,I alt,I alt,Alder i alt,I alt,2021,25598
Odense,I alt,I alt,Alder i alt,I alt,2021,148009
Lyngby-Taarbæk,I alt,I alt,Alder i alt,I alt,2019,38463
Kolding,I alt,I alt,Alder i alt,I alt,2012,62964
Faaborg-Midtfyn,I alt,I alt,Alder i alt,I alt,2011,35486
Odense,I alt,I alt,Alder i alt,I alt,2011,139092
Billund,I alt,I alt,Alder i alt,I alt,2011,18125
Hørsholm,I alt,I alt,Alder i alt,I alt,2021,15042
Rudersdal,I alt,I alt,Alder i alt,I alt,2019,36329
Stevns,I alt,I alt,Alder i alt,I alt,2012,15214
Lolland,I alt,I alt,Alder i alt,I alt,2012,30870
Vejen,I alt,I alt,Alder i alt,I alt,2011,29090
Lemvig,I alt,I alt,Alder i alt,I alt,2011,14735
Dragør,I alt,I alt,Alder i alt,I alt,2019,9114
Skive,I alt,I alt,Alder i alt,I alt,2011,33003
Esbjerg,I alt,I alt,Alder i alt,I alt,2011,82583
Frederikssund,I alt,I alt,Alder i alt,I alt,2021,30422
Christiansø,I alt,I alt,Alder i alt,I alt,2012,69
Horsens,I alt,I alt,Alder i alt,I alt,2011,59063
Tårnby,I alt,I alt,Alder i alt,I alt,2019,29124
Ringkøbing-Skjern,I alt,I alt,Alder i alt,I alt,2011,39570
Brønderslev,I alt,I alt,Alder i alt,I alt,2011,24328
Brøndby,I alt,I alt,Alder i alt,I alt,2021,24328
Syddjurs,I alt,I alt,Alder i alt,I alt,2012,28955
Langeland,I alt,I alt,Alder i alt,I alt,2011,8951
Tårnby,I alt,I alt,Alder i alt,I alt,2021,28727
Helsingør,I alt,I alt,Alder i alt,I alt,2021,41605
Glostrup,I alt,I alt,Alder i alt,I alt,2019,16001
Vordingborg,I alt,I alt,Alder i alt,I alt,2012,31489
Allerød,I alt,I alt,Alder i alt,I alt,2019,16613
Haderslev,I alt,I alt,Alder i alt,I alt,2012,39102
Varde,I alt,I alt,Alder i alt,I alt,2012,34288
Ballerup,I alt,I alt,Alder i alt,I alt,2019,32207
Holstebro,I alt,I alt,Alder i alt,I alt,2012,39911
Herlev,I alt,I alt,Alder i alt,I alt,2021,19587
Hvidovre,I alt,I alt,Alder i alt,I alt,2019,36855
Odder,I alt,I alt,Alder i alt,I alt,2012,15014
Holbæk,I alt,I alt,Alder i alt,I alt,2012,48848
Halsnæs,I alt,I alt,Alder i alt,I alt,2021,20759
Assens,I alt,I alt,Alder i alt,I alt,2012,28460
Nyborg,I alt,I alt,Alder i alt,I alt,2012,21625
Frederiksberg,I alt,I alt,Alder i alt,I alt,2021,74788
Tønder,I alt,I alt,Alder i alt,I alt,2012,26940
Fredericia,I alt,I alt,Alder i alt,I alt,2012,35243
Hillerød,I alt,I alt,Alder i alt,I alt,2019,34974
Ringsted,I alt,I alt,Alder i alt,I alt,2012,23471
Herning,I alt,I alt,Alder i alt,I alt,2011,60701
Struer,I alt,I alt,Alder i alt,I alt,2011,15300
Gribskov,I alt,I alt,Alder i alt,I alt,2021,26871
København,I alt,I alt,Alder i alt,I alt,2019,492180
Gentofte,I alt,I alt,Alder i alt,I alt,2019,49830
Favrskov,I alt,I alt,Alder i alt,I alt,2011,32323
Aarhus,I alt,I alt,Alder i alt,I alt,2011,235788
Rødovre,I alt,I alt,Alder i alt,I alt,2019,27866
Middelfart,I alt,I alt,Alder i alt,I alt,2011,25775
Rødovre,I alt,I alt,Alder i alt,I alt,2021,28185
Egedal,I alt,I alt,Alder i alt,I alt,2019,28875
Sorø,I alt,I alt,Alder i alt,I alt,2012,20428
Sønderborg,I alt,I alt,Alder i alt,I alt,2011,52244
Aabenraa,I alt,I alt,Alder i alt,I alt,2011,41590
Allerød,I alt,I alt,Alder i alt,I alt,2021,16538
Rudersdal,I alt,I alt,Alder i alt,I alt,2021,36428
Nordfyns,I alt,I alt,Alder i alt,I alt,2012,20222
Silkeborg,I alt,I alt,Alder i alt,I alt,2011,62188
Thisted,I alt,I alt,Alder i alt,I alt,2011,31299
Kerteminde,I alt,I alt,Alder i alt,I alt,2011,16296
Gladsaxe,I alt,I alt,Alder i alt,I alt,2021,47649
Næstved,I alt,I alt,Alder i alt,I alt,2012,57326
Hedensted,I alt,I alt,Alder i alt,I alt,2011,31534
Vejle,I alt,I alt,Alder i alt,I alt,2012,75685
Svendborg,I alt,I alt,Alder i alt,I alt,2011,41127
Ærø,I alt,I alt,Alder i alt,I alt,2011,4480
Høje-Taastrup,I alt,I alt,Alder i alt,I alt,2021,36379
Fanø,I alt,I alt,Alder i alt,I alt,2011,2275
Greve,I alt,I alt,Alder i alt,I alt,2021,33242
Bornholm,I alt,I alt,Alder i alt,I alt,2012,28412
Viborg,I alt,I alt,Alder i alt,I alt,2019,65818
Vesthimmerlands,I alt,I alt,Alder i alt,I alt,2019,24582
Vejen,I alt,I alt,Alder i alt,I alt,2012,29106
Odder,I alt,I alt,Alder i alt,I alt,2019,15181
Norddjurs,I alt,I alt,Alder i alt,I alt,2012,26892
Vallensbæk,I alt,I alt,Alder i alt,I alt,2021,10643
Jammerbugt,I alt,I alt,Alder i alt,I alt,2019,25497
Faaborg-Midtfyn,I alt,I alt,Alder i alt,I alt,2012,35198
Odense,I alt,I alt,Alder i alt,I alt,2012,140538
Kolding,I alt,I alt,Alder i alt,I alt,2011,62963
Roskilde,I alt,I alt,Alder i alt,I alt,2021,61028
Samsø,I alt,I alt,Alder i alt,I alt,2019,2300
Ikast-Brande,I alt,I alt,Alder i alt,I alt,2019,28105
Billund,I alt,I alt,Alder i alt,I alt,2012,18213
Esbjerg,I alt,I alt,Alder i alt,I alt,2012,82368
Dragør,I alt,I alt,Alder i alt,I alt,2021,9074
Morsø,I alt,I alt,Alder i alt,I alt,2019,13353
Lemvig,I alt,I alt,Alder i alt,I alt,2012,14616
Gribskov,I alt,I alt,Alder i alt,I alt,2012,28375
Faxe,I alt,I alt,Alder i alt,I alt,2012,24766
Hillerød,I alt,I alt,Alder i alt,I alt,2021,36044
Syddjurs,I alt,I alt,Alder i alt,I alt,2011,28973
Horsens,I alt,I alt,Alder i alt,I alt,2012,59735
Vordingborg,I alt,I alt,Alder i alt,I alt,2011,31872
Christiansø,I alt,I alt,Alder i alt,I alt,2011,72
Albertslund,I alt,I alt,Alder i alt,I alt,2021,18664
Slagelse,I alt,I alt,Alder i alt,I alt,2012,54736
Haderslev,I alt,I alt,Alder i alt,I alt,2011,39055
Læsø,I alt,I alt,Alder i alt,I alt,2019,1094
Odder,I alt,I alt,Alder i alt,I alt,2011,15041
Skanderborg,I alt,I alt,Alder i alt,I alt,2019,41547
Langeland,I alt,I alt,Alder i alt,I alt,2012,8824
København,I alt,I alt,Alder i alt,I alt,2021,501212
Ballerup,I alt,I alt,Alder i alt,I alt,2021,32780
Skive,I alt,I alt,Alder i alt,I alt,2019,31024
Brønderslev,I alt,I alt,Alder i alt,I alt,2019,24037
Aalborg,I alt,I alt,Alder i alt,I alt,2019,156291
Assens,I alt,I alt,Alder i alt,I alt,2011,28544
Nyborg,I alt,I alt,Alder i alt,I alt,2011,21742
Norddjurs,I alt,I alt,Alder i alt,I alt,2019,25573
Randers,I alt,I alt,Alder i alt,I alt,2019,67172
Lejre,I alt,I alt,Alder i alt,I alt,2012,18582
Varde,I alt,I alt,Alder i alt,I alt,2011,34387
Holstebro,I alt,I alt,Alder i alt,I alt,2011,39798
Fredensborg,I alt,I alt,Alder i alt,I alt,2021,26682
Rebild,I alt,I alt,Alder i alt,I alt,2019,19929
Samsø,I alt,I alt,Alder i alt,I alt,2011,2599
Ringkøbing-Skjern,I alt,I alt,Alder i alt,I alt,2019,37918
Frederikshavn,I alt,I alt,Alder i alt,I alt,2011,42916
Ishøj,I alt,I alt,Alder i alt,I alt,2021,16064
Guldborgsund,I alt,I alt,Alder i alt,I alt,2012,42918
Egedal,I alt,I alt,Alder i alt,I alt,2021,29284
Glostrup,I alt,I alt,Alder i alt,I alt,2021,16317
Aarhus,I alt,I alt,Alder i alt,I alt,2019,260373
Thisted,I alt,I alt,Alder i alt,I alt,2019,29050
Køge,I alt,I alt,Alder i alt,I alt,2021,41928
Frederikshavn,I alt,I alt,Alder i alt,I alt,2019,39596
Favrskov,I alt,I alt,Alder i alt,I alt,2019,32353
København,I alt,I alt,Alder i alt,I alt,2017,475962
Gentofte,I alt,I alt,Alder i alt,I alt,2021,48978
Silkeborg,I alt,I alt,Alder i alt,I alt,2019,63676
Ringsted,I alt,I alt,Alder i alt,I alt,2017,24133
Lyngby-Taarbæk,I alt,I alt,Alder i alt,I alt,2021,39602
Furesø,I alt,I alt,Alder i alt,I alt,2021,26290
Mariagerfjord,I alt,I alt,Alder i alt,I alt,2019,28480
Hjørring,I alt,I alt,Alder i alt,I alt,2019,43453
Solrød,I alt,I alt,Alder i alt,I alt,2021,15426
Hedensted,I alt,I alt,Alder i alt,I alt,2019,31571
Odense,I alt,I alt,Alder i alt,I alt,2019,148005
Dragør,I alt,I alt,Alder i alt,I alt,2017,9061
Høje-Taastrup,I alt,I alt,Alder i alt,I alt,2017,35121
Køge,I alt,I alt,Alder i alt,I alt,2019,41374
Holbæk,I alt,I alt,Alder i alt,I alt,2019,48934
Næstved,I alt,I alt,Alder i alt,I alt,2019,57177
Gribskov,I alt,I alt,Alder i alt,I alt,2017,27433
Langeland,I alt,I alt,Alder i alt,I alt,2019,8028
Hvidovre,I alt,I alt,Alder i alt,I alt,2021,36515
Vallensbæk,I alt,I alt,Alder i alt,I alt,2017,10577
Solrød,I alt,I alt,Alder i alt,I alt,2019,15312
Ringsted,I alt,I alt,Alder i alt,I alt,2019,24309
Fredensborg,I alt,I alt,Alder i alt,I alt,2017,27377
Egedal,I alt,I alt,Alder i alt,I alt,2017,28855
Lyngby-Taarbæk,I alt,I alt,Alder i alt,I alt,2022,40179
Sorø,I alt,I alt,Alder i alt,I alt,2019,20285
Bornholm,I alt,I alt,Alder i alt,I alt,2019,25974
Faaborg-Midtfyn,I alt,I alt,Alder i alt,I alt,2019,33914
Sorø,I alt,I alt,Alder i alt,I alt,2017,20228
Helsingør,I alt,I alt,Alder i alt,I alt,2022,41696
Ballerup,I alt,I alt,Alder i alt,I alt,2017,32118
Albertslund,I alt,I alt,Alder i alt,I alt,2017,19208
Aabenraa,I alt,I alt,Alder i alt,I alt,2019,39525
Faxe,I alt,I alt,Alder i alt,I alt,2017,24917
Glostrup,I alt,I alt,Alder i alt,I alt,2022,16455
Sønderborg,I alt,I alt,Alder i alt,I alt,2019,49285
Tårnby,I alt,I alt,Alder i alt,I alt,2022,29141
Kolding,I alt,I alt,Alder i alt,I alt,2019,64256
Roskilde,I alt,I alt,Alder i alt,I alt,2017,60028
Ballerup,I alt,I alt,Alder i alt,I alt,2022,33301
Hvidovre,I alt,I alt,Alder i alt,I alt,2022,36693
Fanø,I alt,I alt,Alder i alt,I alt,2019,2155
Hørsholm,I alt,I alt,Alder i alt,I alt,2017,15689
Gentofte,I alt,I alt,Alder i alt,I alt,2022,49372
Syddjurs,I alt,I alt,Alder i alt,I alt,2019,28369
Glostrup,I alt,I alt,Alder i alt,I alt,2017,15623
København,I alt,I alt,Alder i alt,I alt,2022,509615
Ishøj,I alt,I alt,Alder i alt,I alt,2017,16129
Ærø,I alt,I alt,Alder i alt,I alt,2019,3725
Køge,I alt,I alt,Alder i alt,I alt,2017,41332
Allerød,I alt,I alt,Alder i alt,I alt,2022,16648
Holstebro,I alt,I alt,Alder i alt,I alt,2019,39573
Halsnæs,I alt,I alt,Alder i alt,I alt,2019,21052
Slagelse,I alt,I alt,Alder i alt,I alt,2017,54752
Gentofte,I alt,I alt,Alder i alt,I alt,2017,51040
Furesø,I alt,I alt,Alder i alt,I alt,2017,26456
Rødovre,I alt,I alt,Alder i alt,I alt,2022,29137
Odsherred,I alt,I alt,Alder i alt,I alt,2017,21925
Herlev,I alt,I alt,Alder i alt,I alt,2022,19639
Gribskov,I alt,I alt,Alder i alt,I alt,2019,27045
Lyngby-Taarbæk,I alt,I alt,Alder i alt,I alt,2017,37935
Faxe,I alt,I alt,Alder i alt,I alt,2019,25025
Slagelse,I alt,I alt,Alder i alt,I alt,2019,54396
Lejre,I alt,I alt,Alder i alt,I alt,2019,18564
Guldborgsund,I alt,I alt,Alder i alt,I alt,2019,40433
Helsingør,I alt,I alt,Alder i alt,I alt,2017,42062
Middelfart,I alt,I alt,Alder i alt,I alt,2019,25939
Kerteminde,I alt,I alt,Alder i alt,I alt,2019,15637
Svendborg,I alt,I alt,Alder i alt,I alt,2019,39420
Vallensbæk,I alt,I alt,Alder i alt,I alt,2022,10937
Frederikssund,I alt,I alt,Alder i alt,I alt,2017,30313
Høje-Taastrup,I alt,I alt,Alder i alt,I alt,2022,38008
Kalundborg,I alt,I alt,Alder i alt,I alt,2017,33237
Brøndby,I alt,I alt,Alder i alt,I alt,2017,24445
Varde,I alt,I alt,Alder i alt,I alt,2019,33451
Fredericia,I alt,I alt,Alder i alt,I alt,2019,35022
Hvidovre,I alt,I alt,Alder i alt,I alt,2017,36952
Brøndby,I alt,I alt,Alder i alt,I alt,2022,25310
Fredensborg,I alt,I alt,Alder i alt,I alt,2022,26934
Haderslev,I alt,I alt,Alder i alt,I alt,2019,37604
Tønder,I alt,I alt,Alder i alt,I alt,2019,25006
Gladsaxe,I alt,I alt,Alder i alt,I alt,2022,48284
Vejle,I alt,I alt,Alder i alt,I alt,2019,79073
Rudersdal,I alt,I alt,Alder i alt,I alt,2017,36103
Solrød,I alt,I alt,Alder i alt,I alt,2017,15000
Frederiksberg,I alt,I alt,Alder i alt,I alt,2017,76287
Ishøj,I alt,I alt,Alder i alt,I alt,2022,16419
Herlev,I alt,I alt,Alder i alt,I alt,2017,19340
Tårnby,I alt,I alt,Alder i alt,I alt,2017,29460
Frederiksberg,I alt,I alt,Alder i alt,I alt,2022,75929
Greve,I alt,I alt,Alder i alt,I alt,2019,33354
Albertslund,I alt,I alt,Alder i alt,I alt,2022,18788
Stevns,I alt,I alt,Alder i alt,I alt,2017,15388
Christiansø,I alt,I alt,Alder i alt,I alt,2019,56
Allerød,I alt,I alt,Alder i alt,I alt,2017,16503
Lemvig,I alt,I alt,Alder i alt,I alt,2019,13170
Roskilde,I alt,I alt,Alder i alt,I alt,2019,59960
Halsnæs,I alt,I alt,Alder i alt,I alt,2017,21155
Holbæk,I alt,I alt,Alder i alt,I alt,2017,49058
Furesø,I alt,I alt,Alder i alt,I alt,2022,26585
Kalundborg,I alt,I alt,Alder i alt,I alt,2019,32653
Gladsaxe,I alt,I alt,Alder i alt,I alt,2017,48470
Dragør,I alt,I alt,Alder i alt,I alt,2022,9020
Lolland,I alt,I alt,Alder i alt,I alt,2019,27129
Nyborg,I alt,I alt,Alder i alt,I alt,2019,21268
Nordfyns,I alt,I alt,Alder i alt,I alt,2019,20024
Ringkøbing-Skjern,I alt,I alt,Alder i alt,I alt,2022,37456
Odsherred,I alt,I alt,Alder i alt,I alt,2019,21541
Stevns,I alt,I alt,Alder i alt,I alt,2019,15246
Vordingborg,I alt,I alt,Alder i alt,I alt,2019,30347
Rødovre,I alt,I alt,Alder i alt,I alt,2017,26819
Aalborg,I alt,I alt,Alder i alt,I alt,2022,159717
Assens,I alt,I alt,Alder i alt,I alt,2019,27511
Hillerød,I alt,I alt,Alder i alt,I alt,2017,34444
Vejen,I alt,I alt,Alder i alt,I alt,2019,28780
Horsens,I alt,I alt,Alder i alt,I alt,2019,63165
Greve,I alt,I alt,Alder i alt,I alt,2017,33407
Herning,I alt,I alt,Alder i alt,I alt,2017,61328
Rebild,I alt,I alt,Alder i alt,I alt,2022,20234
Vordingborg,I alt,I alt,Alder i alt,I alt,2017,31025
Favrskov,I alt,I alt,Alder i alt,I alt,2022,32522
Svendborg,I alt,I alt,Alder i alt,I alt,2017,40020
Ærø,I alt,I alt,Alder i alt,I alt,2017,3903
Billund,I alt,I alt,Alder i alt,I alt,2019,17906
Struer,I alt,I alt,Alder i alt,I alt,2017,14236
Favrskov,I alt,I alt,Alder i alt,I alt,2017,32380
Herning,I alt,I alt,Alder i alt,I alt,2022,61055
Struer,I alt,I alt,Alder i alt,I alt,2022,13662
Silkeborg,I alt,I alt,Alder i alt,I alt,2022,66881
Aarhus,I alt,I alt,Alder i alt,I alt,2022,268224
Esbjerg,I alt,I alt,Alder i alt,I alt,2019,79616
Christiansø,I alt,I alt,Alder i alt,I alt,2017,55
Kolding,I alt,I alt,Alder i alt,I alt,2017,63861
Thisted,I alt,I alt,Alder i alt,I alt,2022,28674
Frederikshavn,I alt,I alt,Alder i alt,I alt,2022,38639
Herning,I alt,I alt,Alder i alt,I alt,2019,61055
Struer,I alt,I alt,Alder i alt,I alt,2019,13971
Assens,I alt,I alt,Alder i alt,I alt,2017,28107
Fanø,I alt,I alt,Alder i alt,I alt,2017,2155
Aabenraa,I alt,I alt,Alder i alt,I alt,2017,40068
Hedensted,I alt,I alt,Alder i alt,I alt,2022,32234
Silkeborg,I alt,I alt,Alder i alt,I alt,2017,62846
Nyborg,I alt,I alt,Alder i alt,I alt,2017,21457
Mariagerfjord,I alt,I alt,Alder i alt,I alt,2022,28184
Næstved,I alt,I alt,Alder i alt,I alt,2017,57391
Haderslev,I alt,I alt,Alder i alt,I alt,2017,38077
Hjørring,I alt,I alt,Alder i alt,I alt,2022,42614
Syddjurs,I alt,I alt,Alder i alt,I alt,2022,28674
Odder,I alt,I alt,Alder i alt,I alt,2022,15340
Holstebro,I alt,I alt,Alder i alt,I alt,2022,39581
Holstebro,I alt,I alt,Alder i alt,I alt,2017,39786
Syddjurs,I alt,I alt,Alder i alt,I alt,2017,28417
Samsø,I alt,I alt,Alder i alt,I alt,2022,2357
Viborg,I alt,I alt,Alder i alt,I alt,2022,65889
Bornholm,I alt,I alt,Alder i alt,I alt,2017,26409
Nordfyns,I alt,I alt,Alder i alt,I alt,2017,20115
Tønder,I alt,I alt,Alder i alt,I alt,2017,25570
Varde,I alt,I alt,Alder i alt,I alt,2017,34089
Ikast-Brande,I alt,I alt,Alder i alt,I alt,2022,28656
Odder,I alt,I alt,Alder i alt,I alt,2017,15195
Morsø,I alt,I alt,Alder i alt,I alt,2022,13087
Vesthimmerlands,I alt,I alt,Alder i alt,I alt,2022,24035
Jammerbugt,I alt,I alt,Alder i alt,I alt,2022,25018
Faaborg-Midtfyn,I alt,I alt,Alder i alt,I alt,2017,34271
Fredericia,I alt,I alt,Alder i alt,I alt,2017,34981
Vejle,I alt,I alt,Alder i alt,I alt,2017,78345
Lejre,I alt,I alt,Alder i alt,I alt,2017,18408
Vejle,I alt,I alt,Alder i alt,I alt,2022,82322
Norddjurs,I alt,I alt,Alder i alt,I alt,2022,24980
Odense,I alt,I alt,Alder i alt,I alt,2017,146159
Randers,I alt,I alt,Alder i alt,I alt,2022,68273
Skanderborg,I alt,I alt,Alder i alt,I alt,2022,42514
Lemvig,I alt,I alt,Alder i alt,I alt,2022,12768
Billund,I alt,I alt,Alder i alt,I alt,2017,17973
Norddjurs,I alt,I alt,Alder i alt,I alt,2017,26449
Skive,I alt,I alt,Alder i alt,I alt,2022,30258
Brønderslev,I alt,I alt,Alder i alt,I alt,2022,24019
Guldborgsund,I alt,I alt,Alder i alt,I alt,2017,41276
Læsø,I alt,I alt,Alder i alt,I alt,2022,1062
Horsens,I alt,I alt,Alder i alt,I alt,2022,66174
Langeland,I alt,I alt,Alder i alt,I alt,2017,8232
Frederikssund,I alt,I alt,Alder i alt,I alt,2022,30708
Lemvig,I alt,I alt,Alder i alt,I alt,2017,13640
Bornholm,I alt,I alt,Alder i alt,I alt,2022,25500
Middelfart,I alt,I alt,Alder i alt,I alt,2017,25685
Faaborg-Midtfyn,I alt,I alt,Alder i alt,I alt,2022,34209
Odense,I alt,I alt,Alder i alt,I alt,2022,149463
Billund,I alt,I alt,Alder i alt,I alt,2022,18118
Esbjerg,I alt,I alt,Alder i alt,I alt,2017,80761
Vejen,I alt,I alt,Alder i alt,I alt,2017,28940
Esbjerg,I alt,I alt,Alder i alt,I alt,2022,78853
Randers,I alt,I alt,Alder i alt,I alt,2017,67969
Lolland,I alt,I alt,Alder i alt,I alt,2017,27997
Kerteminde,I alt,I alt,Alder i alt,I alt,2017,15790
Halsnæs,I alt,I alt,Alder i alt,I alt,2022,20758
Horsens,I alt,I alt,Alder i alt,I alt,2017,62455
Langeland,I alt,I alt,Alder i alt,I alt,2022,7747
Sønderborg,I alt,I alt,Alder i alt,I alt,2017,49974
Gribskov,I alt,I alt,Alder i alt,I alt,2022,27141
Faxe,I alt,I alt,Alder i alt,I alt,2022,25399
Rudersdal,I alt,I alt,Alder i alt,I alt,2022,36402
Slagelse,I alt,I alt,Alder i alt,I alt,2022,54699
Lejre,I alt,I alt,Alder i alt,I alt,2022,18956
Greve,I alt,I alt,Alder i alt,I alt,2022,33723
Guldborgsund,I alt,I alt,Alder i alt,I alt,2022,39816
Middelfart,I alt,I alt,Alder i alt,I alt,2022,26536
Sønderborg,I alt,I alt,Alder i alt,I alt,2022,49077
Aabenraa,I alt,I alt,Alder i alt,I alt,2022,39155
Frederikshavn,I alt,I alt,Alder i alt,I alt,2017,40481
Kolding,I alt,I alt,Alder i alt,I alt,2022,64784
Aarhus,I alt,I alt,Alder i alt,I alt,2017,253565
Thisted,I alt,I alt,Alder i alt,I alt,2017,29681
Mariagerfjord,I alt,I alt,Alder i alt,I alt,2017,28930
Kerteminde,I alt,I alt,Alder i alt,I alt,2022,15609
Ærø,I alt,I alt,Alder i alt,I alt,2022,3689
Hjørring,I alt,I alt,Alder i alt,I alt,2017,44466
Fanø,I alt,I alt,Alder i alt,I alt,2022,2016
Hedensted,I alt,I alt,Alder i alt,I alt,2017,31609
Roskilde,I alt,I alt,Alder i alt,I alt,2022,61910
Svendborg,I alt,I alt,Alder i alt,I alt,2022,39657
Hillerød,I alt,I alt,Alder i alt,I alt,2022,36993
Viborg,I alt,I alt,Alder i alt,I alt,2017,66112
Vesthimmerlands,I alt,I alt,Alder i alt,I alt,2017,25153
Odsherred,I alt,I alt,Alder i alt,I alt,2022,21100
Kalundborg,I alt,I alt,Alder i alt,I alt,2022,32625
Jammerbugt,I alt,I alt,Alder i alt,I alt,2017,25897
Samsø,I alt,I alt,Alder i alt,I alt,2017,2372
Ikast-Brande,I alt,I alt,Alder i alt,I alt,2017,28143
Morsø,I alt,I alt,Alder i alt,I alt,2017,13708
Lolland,I alt,I alt,Alder i alt,I alt,2022,26039
Læsø,I alt,I alt,Alder i alt,I alt,2017,1122
Egedal,I alt,I alt,Alder i alt,I alt,2022,29916
Aalborg,I alt,I alt,Alder i alt,I alt,2017,154137
Skanderborg,I alt,I alt,Alder i alt,I alt,2017,41056
Stevns,I alt,I alt,Alder i alt,I alt,2022,15710
Skive,I alt,I alt,Alder i alt,I alt,2017,31613
Brønderslev,I alt,I alt,Alder i alt,I alt,2017,24155
Vordingborg,I alt,I alt,Alder i alt,I alt,2022,29968
Christiansø,I alt,I alt,Alder i alt,I alt,2022,67
Haderslev,I alt,I alt,Alder i alt,I alt,2022,37224
Varde,I alt,I alt,Alder i alt,I alt,2022,33170
Rebild,I alt,I alt,Alder i alt,I alt,2017,19928
Ringkøbing-Skjern,I alt,I alt,Alder i alt,I alt,2017,38430
Fredericia,I alt,I alt,Alder i alt,I alt,2022,35575
Assens,I alt,I alt,Alder i alt,I alt,2022,27351
Nyborg,I alt,I alt,Alder i alt,I alt,2022,21361
Glostrup,I alt,I alt,Alder i alt,I alt,2008,14673
Hvidovre,I alt,I alt,Alder i alt,I alt,2008,34492
Gladsaxe,I alt,I alt,Alder i alt,I alt,2008,43661
Tønder,I alt,I alt,Alder i alt,I alt,2022,24388
Køge,I alt,I alt,Alder i alt,I alt,2022,42477
Rødovre,I alt,I alt,Alder i alt,I alt,2008,24809
Herlev,I alt,I alt,Alder i alt,I alt,2008,18427
Høje-Taastrup,I alt,I alt,Alder i alt,I alt,2008,33993
Solrød,I alt,I alt,Alder i alt,I alt,2022,15622
Ishøj,I alt,I alt,Alder i alt,I alt,2008,15280
Holbæk,I alt,I alt,Alder i alt,I alt,2022,49771
Nordfyns,I alt,I alt,Alder i alt,I alt,2022,19985
Albertslund,I alt,I alt,Alder i alt,I alt,2008,20307
Hørsholm,I alt,I alt,Alder i alt,I alt,2022,15130
Lyngby-Taarbæk,I alt,I alt,Alder i alt,I alt,2008,35047
Ringsted,I alt,I alt,Alder i alt,I alt,2022,25067
Odense,I alt,I alt,Alder i alt,I alt,2008,135825
Langeland,I alt,I alt,Alder i alt,I alt,2008,9208
Vallensbæk,I alt,I alt,Alder i alt,I alt,2008,9480
Hørsholm,I alt,I alt,Alder i alt,I alt,2008,16066
Frederikssund,I alt,I alt,Alder i alt,I alt,2008,30878
Halsnæs,I alt,I alt,Alder i alt,I alt,2008,21827
Gribskov,I alt,I alt,Alder i alt,I alt,2008,28651
Lolland,I alt,I alt,Alder i alt,I alt,2008,33330
Sorø,I alt,I alt,Alder i alt,I alt,2022,20470
Næstved,I alt,I alt,Alder i alt,I alt,2022,57670
Vejen,I alt,I alt,Alder i alt,I alt,2022,28607
Mariagerfjord,I alt,I alt,Alder i alt,I alt,2015,29197
Lemvig,I alt,I alt,Alder i alt,I alt,2015,13987
Randers,I alt,I alt,Alder i alt,I alt,2015,68021
Morsø,I alt,I alt,Alder i alt,I alt,2015,14103
Skanderborg,I alt,I alt,Alder i alt,I alt,2015,40517
Stevns,I alt,I alt,Alder i alt,I alt,2008,15401
Hjørring,I alt,I alt,Alder i alt,I alt,2015,45012
Faaborg-Midtfyn,I alt,I alt,Alder i alt,I alt,2008,35712
Vesthimmerlands,I alt,I alt,Alder i alt,I alt,2015,25496
Kalundborg,I alt,I alt,Alder i alt,I alt,2008,34757
Herning,I alt,I alt,Alder i alt,I alt,2015,60952
Tønder,I alt,I alt,Alder i alt,I alt,2008,27824
Furesø,I alt,I alt,Alder i alt,I alt,2008,25381
Helsingør,I alt,I alt,Alder i alt,I alt,2008,42187
Odsherred,I alt,I alt,Alder i alt,I alt,2008,23208
Struer,I alt,I alt,Alder i alt,I alt,2015,14601
Næstved,I alt,I alt,Alder i alt,I alt,2008,57303
Bornholm,I alt,I alt,Alder i alt,I alt,2008,29629
Jammerbugt,I alt,I alt,Alder i alt,I alt,2015,26272
Rudersdal,I alt,I alt,Alder i alt,I alt,2008,35565
Favrskov,I alt,I alt,Alder i alt,I alt,2015,32383
Roskilde,I alt,I alt,Alder i alt,I alt,2008,57411
Ringkøbing-Skjern,I alt,I alt,Alder i alt,I alt,2015,38777
Skive,I alt,I alt,Alder i alt,I alt,2015,31943
Svendborg,I alt,I alt,Alder i alt,I alt,2008,41786
Brønderslev,I alt,I alt,Alder i alt,I alt,2015,24236
Greve,I alt,I alt,Alder i alt,I alt,2008,34142
Sorø,I alt,I alt,Alder i alt,I alt,2008,20362
Silkeborg,I alt,I alt,Alder i alt,I alt,2015,62476
Aarhus,I alt,I alt,Alder i alt,I alt,2015,247375
Ærø,I alt,I alt,Alder i alt,I alt,2008,4520
Læsø,I alt,I alt,Alder i alt,I alt,2015,1201
Kerteminde,I alt,I alt,Alder i alt,I alt,2008,16319
Sønderborg,I alt,I alt,Alder i alt,I alt,2008,52703
Syddjurs,I alt,I alt,Alder i alt,I alt,2015,28583
Ringsted,I alt,I alt,Alder i alt,I alt,2008,22741
Holstebro,I alt,I alt,Alder i alt,I alt,2015,39764
Middelfart,I alt,I alt,Alder i alt,I alt,2008,25837
Hedensted,I alt,I alt,Alder i alt,I alt,2015,31579
Thisted,I alt,I alt,Alder i alt,I alt,2015,30234
Haderslev,I alt,I alt,Alder i alt,I alt,2008,39311
Rebild,I alt,I alt,Alder i alt,I alt,2015,19678
Aalborg,I alt,I alt,Alder i alt,I alt,2015,152973
Holbæk,I alt,I alt,Alder i alt,I alt,2008,48911
Odder,I alt,I alt,Alder i alt,I alt,2015,15109
Frederikshavn,I alt,I alt,Alder i alt,I alt,2015,41385
Tårnby,I alt,I alt,Alder i alt,I alt,2008,27941
Allerød,I alt,I alt,Alder i alt,I alt,2008,16150
Hillerød,I alt,I alt,Alder i alt,I alt,2008,32200
Guldborgsund,I alt,I alt,Alder i alt,I alt,2008,44236
Vejle,I alt,I alt,Alder i alt,I alt,2015,77270
Samsø,I alt,I alt,Alder i alt,I alt,2015,2462
Egedal,I alt,I alt,Alder i alt,I alt,2008,28729
Køge,I alt,I alt,Alder i alt,I alt,2008,39836
Solrød,I alt,I alt,Alder i alt,I alt,2008,14645
Lejre,I alt,I alt,Alder i alt,I alt,2008,18596
Nordfyns,I alt,I alt,Alder i alt,I alt,2008,20565
Norddjurs,I alt,I alt,Alder i alt,I alt,2015,26717
Ikast-Brande,I alt,I alt,Alder i alt,I alt,2015,28087
Viborg,I alt,I alt,Alder i alt,I alt,2015,66046
Slagelse,I alt,I alt,Alder i alt,I alt,2008,54729
Frederiksberg,I alt,I alt,Alder i alt,I alt,2015,76683
Christiansø,I alt,I alt,Alder i alt,I alt,2008,69
Nyborg,I alt,I alt,Alder i alt,I alt,2008,21834
Herlev,I alt,I alt,Alder i alt,I alt,2015,19340
Billund,I alt,I alt,Alder i alt,I alt,2008,18032
Dragør,I alt,I alt,Alder i alt,I alt,2015,9141
Faxe,I alt,I alt,Alder i alt,I alt,2008,24925
Assens,I alt,I alt,Alder i alt,I alt,2008,28964
Glostrup,I alt,I alt,Alder i alt,I alt,2015,15656
Fredensborg,I alt,I alt,Alder i alt,I alt,2008,27423
Vordingborg,I alt,I alt,Alder i alt,I alt,2008,32402
Ballerup,I alt,I alt,Alder i alt,I alt,2015,32460
Gentofte,I alt,I alt,Alder i alt,I alt,2015,51486
København,I alt,I alt,Alder i alt,I alt,2015,460037
Aabenraa,I alt,I alt,Alder i alt,I alt,2008,42218
Mariagerfjord,I alt,I alt,Alder i alt,I alt,2008,29726
Hjørring,I alt,I alt,Alder i alt,I alt,2008,46548
Fanø,I alt,I alt,Alder i alt,I alt,2008,2264
Kolding,I alt,I alt,Alder i alt,I alt,2008,62409
Brøndby,I alt,I alt,Alder i alt,I alt,2015,24537
Syddjurs,I alt,I alt,Alder i alt,I alt,2008,28627
Odder,I alt,I alt,Alder i alt,I alt,2008,14884
Viborg,I alt,I alt,Alder i alt,I alt,2008,64557
Gladsaxe,I alt,I alt,Alder i alt,I alt,2015,47242
Samsø,I alt,I alt,Alder i alt,I alt,2008,2702
Hvidovre,I alt,I alt,Alder i alt,I alt,2015,36907
Morsø,I alt,I alt,Alder i alt,I alt,2008,15134
Vesthimmerlands,I alt,I alt,Alder i alt,I alt,2008,26522
Holstebro,I alt,I alt,Alder i alt,I alt,2008,40016
Stevns,I alt,I alt,Alder i alt,I alt,2015,15301
Lolland,I alt,I alt,Alder i alt,I alt,2015,29080
Ikast-Brande,I alt,I alt,Alder i alt,I alt,2008,27913
Tårnby,I alt,I alt,Alder i alt,I alt,2015,29674
Helsingør,I alt,I alt,Alder i alt,I alt,2015,42515
Frederikssund,I alt,I alt,Alder i alt,I alt,2015,30414
Solrød,I alt,I alt,Alder i alt,I alt,2015,14918
Christiansø,I alt,I alt,Alder i alt,I alt,2015,65
Jammerbugt,I alt,I alt,Alder i alt,I alt,2008,27088
Varde,I alt,I alt,Alder i alt,I alt,2008,34428
Fredericia,I alt,I alt,Alder i alt,I alt,2008,34879
Skanderborg,I alt,I alt,Alder i alt,I alt,2008,39066
Holbæk,I alt,I alt,Alder i alt,I alt,2015,48605
Vordingborg,I alt,I alt,Alder i alt,I alt,2015,31277
Randers,I alt,I alt,Alder i alt,I alt,2008,66171
Ringsted,I alt,I alt,Alder i alt,I alt,2015,24064
Vejle,I alt,I alt,Alder i alt,I alt,2008,73522
Norddjurs,I alt,I alt,Alder i alt,I alt,2008,26882
Assens,I alt,I alt,Alder i alt,I alt,2015,28213
Skive,I alt,I alt,Alder i alt,I alt,2008,33471
Brønderslev,I alt,I alt,Alder i alt,I alt,2008,24368
Allerød,I alt,I alt,Alder i alt,I alt,2015,16306
Læsø,I alt,I alt,Alder i alt,I alt,2008,1334
Rudersdal,I alt,I alt,Alder i alt,I alt,2015,36239
Halsnæs,I alt,I alt,Alder i alt,I alt,2015,21357
Lemvig,I alt,I alt,Alder i alt,I alt,2008,15031
Ringkøbing-Skjern,I alt,I alt,Alder i alt,I alt,2008,40193
Nyborg,I alt,I alt,Alder i alt,I alt,2015,21627
Rødovre,I alt,I alt,Alder i alt,I alt,2015,26083
Aalborg,I alt,I alt,Alder i alt,I alt,2008,142461
Sorø,I alt,I alt,Alder i alt,I alt,2015,20362
Vejen,I alt,I alt,Alder i alt,I alt,2008,29112
Rebild,I alt,I alt,Alder i alt,I alt,2008,19771
Esbjerg,I alt,I alt,Alder i alt,I alt,2008,81972
Næstved,I alt,I alt,Alder i alt,I alt,2015,57651
Horsens,I alt,I alt,Alder i alt,I alt,2008,57315
Høje-Taastrup,I alt,I alt,Alder i alt,I alt,2015,34788
Aarhus,I alt,I alt,Alder i alt,I alt,2008,225032
Greve,I alt,I alt,Alder i alt,I alt,2015,33786
Gribskov,I alt,I alt,Alder i alt,I alt,2015,27903
Favrskov,I alt,I alt,Alder i alt,I alt,2008,31572
Silkeborg,I alt,I alt,Alder i alt,I alt,2008,61128
Thisted,I alt,I alt,Alder i alt,I alt,2008,31633
Frederikshavn,I alt,I alt,Alder i alt,I alt,2008,43931
Vallensbæk,I alt,I alt,Alder i alt,I alt,2015,10385
Hillerød,I alt,I alt,Alder i alt,I alt,2015,34125
Faxe,I alt,I alt,Alder i alt,I alt,2015,24842
Herning,I alt,I alt,Alder i alt,I alt,2008,59807
Struer,I alt,I alt,Alder i alt,I alt,2008,15755
Bornholm,I alt,I alt,Alder i alt,I alt,2015,26995
Hedensted,I alt,I alt,Alder i alt,I alt,2008,31376
Dragør,I alt,I alt,Alder i alt,I alt,2008,9129
Faaborg-Midtfyn,I alt,I alt,Alder i alt,I alt,2015,34539
Albertslund,I alt,I alt,Alder i alt,I alt,2015,19463
Fredensborg,I alt,I alt,Alder i alt,I alt,2015,27314
Roskilde,I alt,I alt,Alder i alt,I alt,2015,60081
Slagelse,I alt,I alt,Alder i alt,I alt,2015,54559
København,I alt,I alt,Alder i alt,I alt,2008,401484
Ballerup,I alt,I alt,Alder i alt,I alt,2008,32815
Ishøj,I alt,I alt,Alder i alt,I alt,2015,15921
Egedal,I alt,I alt,Alder i alt,I alt,2015,29048
Gentofte,I alt,I alt,Alder i alt,I alt,2008,47235
Lejre,I alt,I alt,Alder i alt,I alt,2015,18629
Guldborgsund,I alt,I alt,Alder i alt,I alt,2015,41721
Brøndby,I alt,I alt,Alder i alt,I alt,2008,23519
Odsherred,I alt,I alt,Alder i alt,I alt,2015,22314
Lyngby-Taarbæk,I alt,I alt,Alder i alt,I alt,2015,37583
Frederiksberg,I alt,I alt,Alder i alt,I alt,2008,70387
Furesø,I alt,I alt,Alder i alt,I alt,2015,26347
Hørsholm,I alt,I alt,Alder i alt,I alt,2015,15979
Dragør,I alt,I alt,Alder i alt,I alt,2023,8957
Køge,I alt,I alt,Alder i alt,I alt,2015,41408
Kalundborg,I alt,I alt,Alder i alt,I alt,2015,33588
Middelfart,I alt,I alt,Alder i alt,I alt,2015,25902
Kerteminde,I alt,I alt,Alder i alt,I alt,2015,16082
Glostrup,I alt,I alt,Alder i alt,I alt,2023,16519
Ballerup,I alt,I alt,Alder i alt,I alt,2023,34252
Vejen,I alt,I alt,Alder i alt,I alt,2015,29119
Horsens,I alt,I alt,Alder i alt,I alt,2015,61545
Svendborg,I alt,I alt,Alder i alt,I alt,2015,40271
København,I alt,I alt,Alder i alt,I alt,2023,516980
Gentofte,I alt,I alt,Alder i alt,I alt,2023,49731
Haderslev,I alt,I alt,Alder i alt,I alt,2015,38568
Tønder,I alt,I alt,Alder i alt,I alt,2015,26063
Aabenraa,I alt,I alt,Alder i alt,I alt,2015,40477
Herlev,I alt,I alt,Alder i alt,I alt,2023,20088
Brøndby,I alt,I alt,Alder i alt,I alt,2023,27021
Nordfyns,I alt,I alt,Alder i alt,I alt,2015,20132
Fanø,I alt,I alt,Alder i alt,I alt,2015,2179
Esbjerg,I alt,I alt,Alder i alt,I alt,2015,81662
Kolding,I alt,I alt,Alder i alt,I alt,2015,63982
Billund,I alt,I alt,Alder i alt,I alt,2015,18147
Gladsaxe,I alt,I alt,Alder i alt,I alt,2023,48960
Frederiksberg,I alt,I alt,Alder i alt,I alt,2023,76485
Odense,I alt,I alt,Alder i alt,I alt,2015,144427
Varde,I alt,I alt,Alder i alt,I alt,2015,34419
Fredericia,I alt,I alt,Alder i alt,I alt,2015,34992
Langeland,I alt,I alt,Alder i alt,I alt,2015,8351
Sønderborg,I alt,I alt,Alder i alt,I alt,2015,50400
Hillerød,I alt,I alt,Alder i alt,I alt,2023,37310
Ærø,I alt,I alt,Alder i alt,I alt,2015,4097
Roskilde,I alt,I alt,Alder i alt,I alt,2023,62024
Rødovre,I alt,I alt,Alder i alt,I alt,2023,30432
Odsherred,I alt,I alt,Alder i alt,I alt,2023,20717
Egedal,I alt,I alt,Alder i alt,I alt,2023,30323
Kalundborg,I alt,I alt,Alder i alt,I alt,2023,32512
Vallensbæk,I alt,I alt,Alder i alt,I alt,2023,11684
Høje-Taastrup,I alt,I alt,Alder i alt,I alt,2023,40089
Fredensborg,I alt,I alt,Alder i alt,I alt,2023,27009
Køge,I alt,I alt,Alder i alt,I alt,2023,42716
Ringsted,I alt,I alt,Alder i alt,I alt,2023,25505
Hørsholm,I alt,I alt,Alder i alt,I alt,2023,15162
Solrød,I alt,I alt,Alder i alt,I alt,2023,16015
Holbæk,I alt,I alt,Alder i alt,I alt,2023,50073
Ishøj,I alt,I alt,Alder i alt,I alt,2023,16532
Frederikssund,I alt,I alt,Alder i alt,I alt,2023,30729
Furesø,I alt,I alt,Alder i alt,I alt,2023,27051
Helsingør,I alt,I alt,Alder i alt,I alt,2023,41892
Halsnæs,I alt,I alt,Alder i alt,I alt,2023,20641
Lyngby-Taarbæk,I alt,I alt,Alder i alt,I alt,2023,40447
Rudersdal,I alt,I alt,Alder i alt,I alt,2023,36398
Gribskov,I alt,I alt,Alder i alt,I alt,2023,27316
Faxe,I alt,I alt,Alder i alt,I alt,2023,25717
Tårnby,I alt,I alt,Alder i alt,I alt,2023,29628
Greve,I alt,I alt,Alder i alt,I alt,2023,34002
Allerød,I alt,I alt,Alder i alt,I alt,2023,16605
Hvidovre,I alt,I alt,Alder i alt,I alt,2023,36896
Albertslund,I alt,I alt,Alder i alt,I alt,2023,18879
Mariagerfjord,I alt,I alt,Alder i alt,I alt,2023,27983
Hjørring,I alt,I alt,Alder i alt,I alt,2023,42377
Viborg,I alt,I alt,Alder i alt,I alt,2023,65828
Morsø,I alt,I alt,Alder i alt,I alt,2023,12958
Vesthimmerlands,I alt,I alt,Alder i alt,I alt,2023,23829
Jammerbugt,I alt,I alt,Alder i alt,I alt,2023,24963
Ringkøbing-Skjern,I alt,I alt,Alder i alt,I alt,2023,37279
Skive,I alt,I alt,Alder i alt,I alt,2023,29872
Brønderslev,I alt,I alt,Alder i alt,I alt,2023,24117
Læsø,I alt,I alt,Alder i alt,I alt,2023,1031
Aalborg,I alt,I alt,Alder i alt,I alt,2023,159913
Rebild,I alt,I alt,Alder i alt,I alt,2023,20174
Thisted,I alt,I alt,Alder i alt,I alt,2023,28423
Frederikshavn,I alt,I alt,Alder i alt,I alt,2023,38159
Hedensted,I alt,I alt,Alder i alt,I alt,2023,32328
Syddjurs,I alt,I alt,Alder i alt,I alt,2023,28508
Odder,I alt,I alt,Alder i alt,I alt,2023,15518
Stevns,I alt,I alt,Alder i alt,I alt,2023,15511
Lolland,I alt,I alt,Alder i alt,I alt,2023,25750
Christiansø,I alt,I alt,Alder i alt,I alt,2023,61
Haderslev,I alt,I alt,Alder i alt,I alt,2023,37197
Varde,I alt,I alt,Alder i alt,I alt,2023,32986
Holstebro,I alt,I alt,Alder i alt,I alt,2023,39466
Vordingborg,I alt,I alt,Alder i alt,I alt,2023,30327
Tønder,I alt,I alt,Alder i alt,I alt,2023,24125
Fredericia,I alt,I alt,Alder i alt,I alt,2023,35841
Samsø,I alt,I alt,Alder i alt,I alt,2023,2310
Ikast-Brande,I alt,I alt,Alder i alt,I alt,2023,28802
Assens,I alt,I alt,Alder i alt,I alt,2023,27139
Nyborg,I alt,I alt,Alder i alt,I alt,2023,21429
Vejle,I alt,I alt,Alder i alt,I alt,2023,82953
Nordfyns,I alt,I alt,Alder i alt,I alt,2023,19890
Norddjurs,I alt,I alt,Alder i alt,I alt,2023,24675
Skanderborg,I alt,I alt,Alder i alt,I alt,2023,42456
Sorø,I alt,I alt,Alder i alt,I alt,2023,20544
Næstved,I alt,I alt,Alder i alt,I alt,2023,57664
Lemvig,I alt,I alt,Alder i alt,I alt,2023,12589
Randers,I alt,I alt,Alder i alt,I alt,2023,68084
Bornholm,I alt,I alt,Alder i alt,I alt,2023,25159
Billund,I alt,I alt,Alder i alt,I alt,2023,18248
Vejen,I alt,I alt,Alder i alt,I alt,2023,28673
Faaborg-Midtfyn,I alt,I alt,Alder i alt,I alt,2023,34239
Odense,I alt,I alt,Alder i alt,I alt,2023,150513
Esbjerg,I alt,I alt,Alder i alt,I alt,2023,78444
Horsens,I alt,I alt,Alder i alt,I alt,2023,66682
Langeland,I alt,I alt,Alder i alt,I alt,2023,7659
Slagelse,I alt,I alt,Alder i alt,I alt,2023,54677
Lejre,I alt,I alt,Alder i alt,I alt,2023,19196
Herning,I alt,I alt,Alder i alt,I alt,2023,60934
Struer,I alt,I alt,Alder i alt,I alt,2023,13387
Favrskov,I alt,I alt,Alder i alt,I alt,2023,32642
Aarhus,I alt,I alt,Alder i alt,I alt,2023,272758
Guldborgsund,I alt,I alt,Alder i alt,I alt,2023,39315
Sønderborg,I alt,I alt,Alder i alt,I alt,2023,49167
Aabenraa,I alt,I alt,Alder i alt,I alt,2023,38783
Silkeborg,I alt,I alt,Alder i alt,I alt,2023,67447
Middelfart,I alt,I alt,Alder i alt,I alt,2023,26566
Kerteminde,I alt,I alt,Alder i alt,I alt,2023,15466
Ærø,I alt,I alt,Alder i alt,I alt,2023,3630
Fanø,I alt,I alt,Alder i alt,I alt,2023,1970
Kolding,I alt,I alt,Alder i alt,I alt,2023,65076
Svendborg,I alt,I alt,Alder i alt,I alt,2023,39486
Frederiksberg,I alt,I alt,Alder i alt,I alt,2020,74984
København,I alt,I alt,Alder i alt,I alt,2020,495640
Faaborg-Midtfyn,I alt,I alt,Alder i alt,I alt,2020,33837
Odense,I alt,I alt,Alder i alt,I alt,2020,147995
Herning,I alt,I alt,Alder i alt,I alt,2020,60897
Hedensted,I alt,I alt,Alder i alt,I alt,2020,31635
Mariagerfjord,I alt,I alt,Alder i alt,I alt,2020,28082
Langeland,I alt,I alt,Alder i alt,I alt,2020,7829
Aabenraa,I alt,I alt,Alder i alt,I alt,2020,39263
Sønderborg,I alt,I alt,Alder i alt,I alt,2020,48807
Viborg,I alt,I alt,Alder i alt,I alt,2020,65173
Fanø,I alt,I alt,Alder i alt,I alt,2020,2082
Kolding,I alt,I alt,Alder i alt,I alt,2020,63813
Syddjurs,I alt,I alt,Alder i alt,I alt,2020,28311
Odder,I alt,I alt,Alder i alt,I alt,2020,15101
Vesthimmerlands,I alt,I alt,Alder i alt,I alt,2020,24204
Ærø,I alt,I alt,Alder i alt,I alt,2020,3676
Samsø,I alt,I alt,Alder i alt,I alt,2020,2272
Ikast-Brande,I alt,I alt,Alder i alt,I alt,2020,27912
Morsø,I alt,I alt,Alder i alt,I alt,2020,13217
Middelfart,I alt,I alt,Alder i alt,I alt,2020,26013
Kerteminde,I alt,I alt,Alder i alt,I alt,2020,15595
Holstebro,I alt,I alt,Alder i alt,I alt,2020,39415
Svendborg,I alt,I alt,Alder i alt,I alt,2020,39121
Varde,I alt,I alt,Alder i alt,I alt,2020,33108
Fredericia,I alt,I alt,Alder i alt,I alt,2020,34935
Skanderborg,I alt,I alt,Alder i alt,I alt,2020,41707
Haderslev,I alt,I alt,Alder i alt,I alt,2020,37405
Tønder,I alt,I alt,Alder i alt,I alt,2020,24717
Norddjurs,I alt,I alt,Alder i alt,I alt,2020,25104
Randers,I alt,I alt,Alder i alt,I alt,2020,67083
Skive,I alt,I alt,Alder i alt,I alt,2020,30597
Brønderslev,I alt,I alt,Alder i alt,I alt,2020,23855
Læsø,I alt,I alt,Alder i alt,I alt,2020,1056
Christiansø,I alt,I alt,Alder i alt,I alt,2020,58
Vejle,I alt,I alt,Alder i alt,I alt,2020,79696
Ringkøbing-Skjern,I alt,I alt,Alder i alt,I alt,2020,37458
Assens,I alt,I alt,Alder i alt,I alt,2020,27164
Nyborg,I alt,I alt,Alder i alt,I alt,2020,21180
Lemvig,I alt,I alt,Alder i alt,I alt,2020,12995
Rebild,I alt,I alt,Alder i alt,I alt,2020,20103
Nordfyns,I alt,I alt,Alder i alt,I alt,2020,19816
Vejen,I alt,I alt,Alder i alt,I alt,2020,28760
Horsens,I alt,I alt,Alder i alt,I alt,2020,63200
Billund,I alt,I alt,Alder i alt,I alt,2020,17770
Esbjerg,I alt,I alt,Alder i alt,I alt,2020,79095
Aarhus,I alt,I alt,Alder i alt,I alt,2020,262175
Thisted,I alt,I alt,Alder i alt,I alt,2020,28812
Frederikshavn,I alt,I alt,Alder i alt,I alt,2020,38866
Struer,I alt,I alt,Alder i alt,I alt,2020,13751
Favrskov,I alt,I alt,Alder i alt,I alt,2020,32035
Silkeborg,I alt,I alt,Alder i alt,I alt,2020,64163
Bornholm,I alt,I alt,Alder i alt,I alt,2020,25652
Høje-Taastrup,I alt,I alt,Alder i alt,I alt,2020,35253
Solrød,I alt,I alt,Alder i alt,I alt,2020,15388
Holbæk,I alt,I alt,Alder i alt,I alt,2020,48941
Ringsted,I alt,I alt,Alder i alt,I alt,2020,24321
Sorø,I alt,I alt,Alder i alt,I alt,2020,20350
Næstved,I alt,I alt,Alder i alt,I alt,2020,56881
Brøndby,I alt,I alt,Alder i alt,I alt,2020,24013
Hørsholm,I alt,I alt,Alder i alt,I alt,2020,15198
Gladsaxe,I alt,I alt,Alder i alt,I alt,2020,47779
Ishøj,I alt,I alt,Alder i alt,I alt,2020,15964
Frederikssund,I alt,I alt,Alder i alt,I alt,2020,30264
Furesø,I alt,I alt,Alder i alt,I alt,2020,26121
Halsnæs,I alt,I alt,Alder i alt,I alt,2020,20906
Albertslund,I alt,I alt,Alder i alt,I alt,2020,18838
Helsingør,I alt,I alt,Alder i alt,I alt,2020,41749
Gribskov,I alt,I alt,Alder i alt,I alt,2020,26851
Faxe,I alt,I alt,Alder i alt,I alt,2020,25001
Slagelse,I alt,I alt,Alder i alt,I alt,2020,54318
Lejre,I alt,I alt,Alder i alt,I alt,2020,18471
Guldborgsund,I alt,I alt,Alder i alt,I alt,2020,39977
Dragør,I alt,I alt,Alder i alt,I alt,2020,9073
Lyngby-Taarbæk,I alt,I alt,Alder i alt,I alt,2020,38444
Rudersdal,I alt,I alt,Alder i alt,I alt,2020,36258
Greve,I alt,I alt,Alder i alt,I alt,2020,33261
Glostrup,I alt,I alt,Alder i alt,I alt,2020,16158
Tårnby,I alt,I alt,Alder i alt,I alt,2020,28808
Hvidovre,I alt,I alt,Alder i alt,I alt,2020,36710
Allerød,I alt,I alt,Alder i alt,I alt,2020,16668
Roskilde,I alt,I alt,Alder i alt,I alt,2020,60756
Ballerup,I alt,I alt,Alder i alt,I alt,2020,32500
Odsherred,I alt,I alt,Alder i alt,I alt,2020,21309
Kalundborg,I alt,I alt,Alder i alt,I alt,2020,32414
Stevns,I alt,I alt,Alder i alt,I alt,2020,15231
Lolland,I alt,I alt,Alder i alt,I alt,2020,26569
Vordingborg,I alt,I alt,Alder i alt,I alt,2020,30015
Gentofte,I alt,I alt,Alder i alt,I alt,2020,49425
Hillerød,I alt,I alt,Alder i alt,I alt,2020,34922
Rødovre,I alt,I alt,Alder i alt,I alt,2020,27998
Egedal,I alt,I alt,Alder i alt,I alt,2020,28855
Køge,I alt,I alt,Alder i alt,I alt,2020,41664
Herlev,I alt,I alt,Alder i alt,I alt,2020,19577
Vallensbæk,I alt,I alt,Alder i alt,I alt,2020,10700
Fredensborg,I alt,I alt,Alder i alt,I alt,2020,26736
Hjørring,I alt,I alt,Alder i alt,I alt,2020,43042
Jammerbugt,I alt,I alt,Alder i alt,I alt,2020,25210
Aalborg,I alt,I alt,Alder i alt,I alt,2020,157593