OMRÅDE,ALDER,KØN,TID,INDHOLD
København,Alder i alt,I alt,2023,3.5
Frederiksberg,Alder i alt,I alt,2023,3.0
Ballerup,Alder i alt,I alt,2023,2.4
Brøndby,Alder i alt,I alt,2023,4.0
Dragør,Alder i alt,I alt,2023,1.7
Gentofte,Alder i alt,I alt,2023,2.2
Gladsaxe,Alder i alt,I alt,2023,2.5
Glostrup,Alder i alt,I alt,2023,2.9
Herlev,Alder i alt,I alt,2023,2.3
Albertslund,Alder i alt,I alt,2023,3.2
Hvidovre,Alder i alt,I alt,2023,2.6
Høje-Taastrup,Alder i alt,I alt,2023,3.7
Lyngby-Taarbæk,Alder i alt,I alt,2023,2.0
Rødovre,Alder i alt,I alt,2023,3.2
Ishøj,Alder i alt,I alt,2023,4.6
Tårnby,Alder i alt,I alt,2023,2.2
Vallensbæk,Alder i alt,I alt,2023,2.8
Furesø,Alder i alt,I alt,2023,2.0
Allerød,Alder i alt,I alt,2023,1.4
Fredensborg,Alder i alt,I alt,2023,1.9
Helsingør,Alder i alt,I alt,2023,2.5
Hillerød,Alder i alt,I alt,2023,1.9
Hørsholm,Alder i alt,I alt,2023,2.0
Rudersdal,Alder i alt,I alt,2023,1.9
Egedal,Alder i alt,I alt,2023,1.7
Frederikssund,Alder i alt,I alt,2023,2.1
Greve,Alder i alt,I alt,2023,2.2
Køge,Alder i alt,I alt,2023,2.1
Halsnæs,Alder i alt,I alt,2023,2.2
Roskilde,Alder i alt,I alt,2023,2.2
Solrød,Alder i alt,I alt,2023,1.8
Gribskov,Alder i alt,I alt,2023,1.9
Odsherred,Alder i alt,I alt,2023,2.2
Holbæk,Alder i alt,I alt,2023,2.1
Faxe,Alder i alt,I alt,2023,2.6
Kalundborg,Alder i alt,I alt,2023,2.3
Ringsted,Alder i alt,I alt,2023,2.6
Slagelse,Alder i alt,I alt,2023,3.1
Stevns,Alder i alt,I alt,2023,2.7
Sorø,Alder i alt,I alt,2023,2.4
Lejre,Alder i alt,I alt,2023,2.1
Lolland,Alder i alt,I alt,2023,3.4
Næstved,Alder i alt,I alt,2023,2.8
Guldborgsund,Alder i alt,I alt,2023,3.0
Vordingborg,Alder i alt,I alt,2023,3.0
Bornholm,Alder i alt,I alt,2023,2.2
Middelfart,Alder i alt,I alt,2023,2.2
Assens,Alder i alt,I alt,2023,2.8
Faaborg-Midtfyn,Alder i alt,I alt,2023,2.5
Kerteminde,Alder i alt,I alt,2023,2.6
Nyborg,Alder i alt,I alt,2023,3.2
Ringsted,Alder i alt,I alt,2015,4.1
Slagelse,Alder i alt,I alt,2015,5.9
Stevns,Alder i alt,I alt,2015,4.2
Sorø,Alder i alt,I alt,2015,4.3
Lejre,Alder i alt,I alt,2015,3.0
Lolland,Alder i alt,I alt,2015,6.5
Næstved,Alder i alt,I alt,2015,5.0
Guldborgsund,Alder i alt,I alt,2015,5.3
Vordingborg,Alder i alt,I alt,2015,5.2
Bornholm,Alder i alt,I alt,2015,5.7
Middelfart,Alder i alt,I alt,2015,3.0
Assens,Alder i alt,I alt,2015,5.0
Faaborg-Midtfyn,Alder i alt,I alt,2015,4.6
Kerteminde,Alder i alt,I alt,2015,4.8
Nyborg,Alder i alt,I alt,2015,4.6
Odense,Alder i alt,I alt,2015,6.1
Svendborg,Alder i alt,I alt,2015,5.1
Nordfyns,Alder i alt,I alt,2015,5.0
Langeland,Alder i alt,I alt,2015,5.5
Ærø,Alder i alt,I alt,2015,4.0
Haderslev,Alder i alt,I alt,2015,4.3
Billund,Alder i alt,I alt,2015,3.2
Sønderborg,Alder i alt,I alt,2015,4.4
Tønder,Alder i alt,I alt,2015,4.0
Esbjerg,Alder i alt,I alt,2015,4.4
Fanø,Alder i alt,I alt,2015,4.3
Varde,Alder i alt,I alt,2015,3.0
Vejen,Alder i alt,I alt,2015,3.5
Aabenraa,Alder i alt,I alt,2015,4.7
Fredericia,Alder i alt,I alt,2015,5.0
Horsens,Alder i alt,I alt,2015,4.1
Kolding,Alder i alt,I alt,2015,4.2
Vejle,Alder i alt,I alt,2015,3.8
Herning,Alder i alt,I alt,2015,3.8
Holstebro,Alder i alt,I alt,2015,3.3
Lemvig,Alder i alt,I alt,2015,2.8
Struer,Alder i alt,I alt,2015,4.2
Syddjurs,Alder i alt,I alt,2015,3.5
Norddjurs,Alder i alt,I alt,2015,4.3
Favrskov,Alder i alt,I alt,2015,3.0
Odder,Alder i alt,I alt,2015,3.1
Randers,Alder i alt,I alt,2015,4.7
Silkeborg,Alder i alt,I alt,2015,4.0
Samsø,Alder i alt,I alt,2015,5.2
Skanderborg,Alder i alt,I alt,2015,2.7
Aarhus,Alder i alt,I alt,2015,4.5
Ikast-Brande,Alder i alt,I alt,2015,4.3
København,Alder i alt,I alt,2019,4.4
Frederiksberg,Alder i alt,I alt,2019,3.8
Ballerup,Alder i alt,I alt,2019,3.4
Brøndby,Alder i alt,I alt,2019,5.6
København,Alder i alt,I alt,2011,7.5
Frederiksberg,Alder i alt,I alt,2011,5.8
Ballerup,Alder i alt,I alt,2011,5.1
Brøndby,Alder i alt,I alt,2011,6.8
Dragør,Alder i alt,I alt,2011,3.6
Gentofte,Alder i alt,I alt,2011,3.7
Gladsaxe,Alder i alt,I alt,2011,5.3
Glostrup,Alder i alt,I alt,2011,6.6
Herlev,Alder i alt,I alt,2011,5.8
Albertslund,Alder i alt,I alt,2011,8.0
Hvidovre,Alder i alt,I alt,2011,5.3
Høje-Taastrup,Alder i alt,I alt,2011,7.5
Lyngby-Taarbæk,Alder i alt,I alt,2011,4.0
Rødovre,Alder i alt,I alt,2011,5.9
Ishøj,Alder i alt,I alt,2011,10.0
Tårnby,Alder i alt,I alt,2011,5.8
Vallensbæk,Alder i alt,I alt,2011,4.9
Furesø,Alder i alt,I alt,2011,4.1
Allerød,Alder i alt,I alt,2011,3.0
Fredensborg,Alder i alt,I alt,2011,4.6
Helsingør,Alder i alt,I alt,2011,5.5
Hillerød,Alder i alt,I alt,2011,4.5
Hørsholm,Alder i alt,I alt,2011,3.2
Rudersdal,Alder i alt,I alt,2011,3.5
Egedal,Alder i alt,I alt,2011,3.7
Frederikssund,Alder i alt,I alt,2011,5.1
Greve,Alder i alt,I alt,2011,4.6
Køge,Alder i alt,I alt,2011,6.4
Halsnæs,Alder i alt,I alt,2011,6.9
Roskilde,Alder i alt,I alt,2011,4.4
Solrød,Alder i alt,I alt,2011,4.3
Gribskov,Alder i alt,I alt,2011,5.1
Odsherred,Alder i alt,I alt,2011,7.0
Holbæk,Alder i alt,I alt,2011,5.3
Faxe,Alder i alt,I alt,2011,6.3
Kalundborg,Alder i alt,I alt,2011,6.4
Ringsted,Alder i alt,I alt,2011,5.9
Slagelse,Alder i alt,I alt,2011,8.0
Stevns,Alder i alt,I alt,2011,6.0
Sorø,Alder i alt,I alt,2011,5.9
Lejre,Alder i alt,I alt,2011,3.8
Lolland,Alder i alt,I alt,2011,9.7
Næstved,Alder i alt,I alt,2011,6.7
Guldborgsund,Alder i alt,I alt,2011,6.8
Vordingborg,Alder i alt,I alt,2011,6.3
Bornholm,Alder i alt,I alt,2011,7.3
Middelfart,Alder i alt,I alt,2011,5.0
Assens,Alder i alt,I alt,2011,7.1
Faaborg-Midtfyn,Alder i alt,I alt,2011,6.6
Kerteminde,Alder i alt,I alt,2011,8.3
Nyborg,Alder i alt,I alt,2011,7.1
Kolding,Alder i alt,I alt,2018,3.3
Vejle,Alder i alt,I alt,2018,3.2
Herning,Alder i alt,I alt,2018,3.5
Holstebro,Alder i alt,I alt,2018,2.6
Lemvig,Alder i alt,I alt,2018,2.8
Struer,Alder i alt,I alt,2018,3.5
Syddjurs,Alder i alt,I alt,2018,3.4
Norddjurs,Alder i alt,I alt,2018,4.4
Favrskov,Alder i alt,I alt,2018,2.5
Odder,Alder i alt,I alt,2018,3.1
Randers,Alder i alt,I alt,2018,3.9
Silkeborg,Alder i alt,I alt,2018,3.2
Samsø,Alder i alt,I alt,2018,5.4
Skanderborg,Alder i alt,I alt,2018,2.4
Aarhus,Alder i alt,I alt,2018,4.3
Ikast-Brande,Alder i alt,I alt,2018,3.6
Ringkøbing-Skjern,Alder i alt,I alt,2018,2.6
Hedensted,Alder i alt,I alt,2018,2.4
Morsø,Alder i alt,I alt,2018,3.4
Skive,Alder i alt,I alt,2018,2.9
Thisted,Alder i alt,I alt,2018,3.1
Viborg,Alder i alt,I alt,2018,3.1
Brønderslev,Alder i alt,I alt,2018,4.0
Frederikshavn,Alder i alt,I alt,2018,4.6
Vesthimmerlands,Alder i alt,I alt,2018,4.0
Læsø,Alder i alt,I alt,2018,6.3
Rebild,Alder i alt,I alt,2018,3.1
Mariagerfjord,Alder i alt,I alt,2018,3.9
Jammerbugt,Alder i alt,I alt,2018,3.5
Aalborg,Alder i alt,I alt,2018,5.1
Hjørring,Alder i alt,I alt,2018,4.3
København,Alder i alt,I alt,2018,4.5
Frederiksberg,Alder i alt,I alt,2018,4.0
Ballerup,Alder i alt,I alt,2018,3.5
Brøndby,Alder i alt,I alt,2018,5.8
Dragør,Alder i alt,I alt,2018,2.7
Gentofte,Alder i alt,I alt,2018,3.0
Gladsaxe,Alder i alt,I alt,2018,3.5
Glostrup,Alder i alt,I alt,2018,4.3
Herlev,Alder i alt,I alt,2018,3.5
Albertslund,Alder i alt,I alt,2018,5.3
Hvidovre,Alder i alt,I alt,2018,3.5
Høje-Taastrup,Alder i alt,I alt,2018,4.6
Lyngby-Taarbæk,Alder i alt,I alt,2018,2.7
Rødovre,Alder i alt,I alt,2018,4.6
Ishøj,Alder i alt,I alt,2018,6.4
Tårnby,Alder i alt,I alt,2018,3.4
Vallensbæk,Alder i alt,I alt,2018,3.4
Furesø,Alder i alt,I alt,2018,2.6
Allerød,Alder i alt,I alt,2018,2.1
Odense,Alder i alt,I alt,2023,3.6
Svendborg,Alder i alt,I alt,2023,3.1
Nordfyns,Alder i alt,I alt,2023,2.9
Langeland,Alder i alt,I alt,2023,3.2
Ærø,Alder i alt,I alt,2023,1.9
Haderslev,Alder i alt,I alt,2023,2.7
Billund,Alder i alt,I alt,2023,1.7
Sønderborg,Alder i alt,I alt,2023,2.6
Tønder,Alder i alt,I alt,2023,2.1
Esbjerg,Alder i alt,I alt,2023,2.4
Fanø,Alder i alt,I alt,2023,2.7
Varde,Alder i alt,I alt,2023,1.9
Vejen,Alder i alt,I alt,2023,1.8
Aabenraa,Alder i alt,I alt,2023,2.3
Fredericia,Alder i alt,I alt,2023,2.9
Horsens,Alder i alt,I alt,2023,2.6
Kolding,Alder i alt,I alt,2023,2.6
Vejle,Alder i alt,I alt,2023,2.4
Herning,Alder i alt,I alt,2023,2.2
Holstebro,Alder i alt,I alt,2023,1.8
Lemvig,Alder i alt,I alt,2023,2.1
Struer,Alder i alt,I alt,2023,2.8
Syddjurs,Alder i alt,I alt,2023,2.6
Norddjurs,Alder i alt,I alt,2023,2.8
Favrskov,Alder i alt,I alt,2023,2.0
Odder,Alder i alt,I alt,2023,2.5
Randers,Alder i alt,I alt,2023,3.1
Silkeborg,Alder i alt,I alt,2023,2.4
Samsø,Alder i alt,I alt,2023,2.8
Skanderborg,Alder i alt,I alt,2023,2.0
Aarhus,Alder i alt,I alt,2023,3.5
Ikast-Brande,Alder i alt,I alt,2023,2.3
Ringkøbing-Skjern,Alder i alt,I alt,2023,1.8
Hedensted,Alder i alt,I alt,2023,2.0
Morsø,Alder i alt,I alt,2023,2.5
Skive,Alder i alt,I alt,2023,2.0
Thisted,Alder i alt,I alt,2023,2.3
Viborg,Alder i alt,I alt,2023,2.5
Brønderslev,Alder i alt,I alt,2023,2.8
Frederikshavn,Alder i alt,I alt,2023,3.6
Vesthimmerlands,Alder i alt,I alt,2023,2.8
Læsø,Alder i alt,I alt,2023,4.8
Rebild,Alder i alt,I alt,2023,2.2
Mariagerfjord,Alder i alt,I alt,2023,2.6
Jammerbugt,Alder i alt,I alt,2023,2.8
Aalborg,Alder i alt,I alt,2023,3.6
Hjørring,Alder i alt,I alt,2023,2.9
København,Alder i alt,I alt,2008,4.4
Frederiksberg,Alder i alt,I alt,2008,3.0
Ballerup,Alder i alt,I alt,2008,1.9
Brøndby,Alder i alt,I alt,2008,2.6
Dragør,Alder i alt,I alt,2019,2.6
Gentofte,Alder i alt,I alt,2019,2.9
Gladsaxe,Alder i alt,I alt,2019,3.2
Glostrup,Alder i alt,I alt,2019,3.9
Herlev,Alder i alt,I alt,2019,2.9
Albertslund,Alder i alt,I alt,2019,5.0
Hvidovre,Alder i alt,I alt,2019,3.4
Høje-Taastrup,Alder i alt,I alt,2019,4.4
Lyngby-Taarbæk,Alder i alt,I alt,2019,2.7
Rødovre,Alder i alt,I alt,2019,4.3
Ringkøbing-Skjern,Alder i alt,I alt,2015,3.0
Hedensted,Alder i alt,I alt,2015,3.0
Morsø,Alder i alt,I alt,2015,4.0
Skive,Alder i alt,I alt,2015,3.3
Thisted,Alder i alt,I alt,2015,3.7
Viborg,Alder i alt,I alt,2015,3.7
Brønderslev,Alder i alt,I alt,2015,4.5
Frederikshavn,Alder i alt,I alt,2015,5.2
Vesthimmerlands,Alder i alt,I alt,2015,4.9
Læsø,Alder i alt,I alt,2015,7.2
Rebild,Alder i alt,I alt,2015,3.5
Mariagerfjord,Alder i alt,I alt,2015,4.5
Jammerbugt,Alder i alt,I alt,2015,4.6
Aalborg,Alder i alt,I alt,2015,5.9
Hjørring,Alder i alt,I alt,2015,4.9
Ishøj,Alder i alt,I alt,2019,5.9
Tårnby,Alder i alt,I alt,2019,3.1
Vallensbæk,Alder i alt,I alt,2019,3.2
Furesø,Alder i alt,I alt,2019,2.5
Allerød,Alder i alt,I alt,2019,2.1
Fredensborg,Alder i alt,I alt,2019,2.8
Helsingør,Alder i alt,I alt,2019,3.7
Hillerød,Alder i alt,I alt,2019,2.5
Hørsholm,Alder i alt,I alt,2019,2.5
Rudersdal,Alder i alt,I alt,2019,2.5
Egedal,Alder i alt,I alt,2019,2.6
Frederikssund,Alder i alt,I alt,2019,2.8
Greve,Alder i alt,I alt,2019,2.9
Køge,Alder i alt,I alt,2019,3.1
Halsnæs,Alder i alt,I alt,2019,3.2
Roskilde,Alder i alt,I alt,2019,2.9
Randers,Alder i alt,I alt,2019,3.8
Silkeborg,Alder i alt,I alt,2019,3.1
Samsø,Alder i alt,I alt,2019,4.6
Skanderborg,Alder i alt,I alt,2019,2.3
Aarhus,Alder i alt,I alt,2019,4.3
Ikast-Brande,Alder i alt,I alt,2019,3.2
Ringkøbing-Skjern,Alder i alt,I alt,2019,2.6
Hedensted,Alder i alt,I alt,2019,2.4
Morsø,Alder i alt,I alt,2019,3.0
Skive,Alder i alt,I alt,2019,2.5
Thisted,Alder i alt,I alt,2019,3.2
Viborg,Alder i alt,I alt,2019,3.1
Brønderslev,Alder i alt,I alt,2019,3.6
Frederikshavn,Alder i alt,I alt,2019,4.1
Vesthimmerlands,Alder i alt,I alt,2019,3.9
Middelfart,Alder i alt,I alt,2019,2.8
Assens,Alder i alt,I alt,2019,3.5
Faaborg-Midtfyn,Alder i alt,I alt,2019,3.7
Kerteminde,Alder i alt,I alt,2019,3.8
Nyborg,Alder i alt,I alt,2019,3.7
Odense,Alder i alt,I alt,2019,4.6
Svendborg,Alder i alt,I alt,2019,4.1
Nordfyns,Alder i alt,I alt,2019,4.1
Langeland,Alder i alt,I alt,2019,4.4
Ærø,Alder i alt,I alt,2019,4.0
Haderslev,Alder i alt,I alt,2019,3.4
Odense,Alder i alt,I alt,2011,7.6
Svendborg,Alder i alt,I alt,2011,6.8
Nordfyns,Alder i alt,I alt,2011,7.4
Langeland,Alder i alt,I alt,2011,7.9
Ærø,Alder i alt,I alt,2011,4.5
Haderslev,Alder i alt,I alt,2011,6.0
Billund,Alder i alt,I alt,2011,3.7
Sønderborg,Alder i alt,I alt,2011,5.8
Tønder,Alder i alt,I alt,2011,6.0
Esbjerg,Alder i alt,I alt,2011,5.2
Fanø,Alder i alt,I alt,2011,4.1
Varde,Alder i alt,I alt,2011,4.1
Vejen,Alder i alt,I alt,2011,4.6
Aabenraa,Alder i alt,I alt,2011,6.4
Fredericia,Alder i alt,I alt,2011,6.7
Horsens,Alder i alt,I alt,2011,6.1
Kolding,Alder i alt,I alt,2011,5.4
Vejle,Alder i alt,I alt,2011,4.9
Herning,Alder i alt,I alt,2011,5.3
Holstebro,Alder i alt,I alt,2011,5.0
Lemvig,Alder i alt,I alt,2011,4.7
Struer,Alder i alt,I alt,2011,6.1
Syddjurs,Alder i alt,I alt,2011,5.5
Norddjurs,Alder i alt,I alt,2011,6.0
Favrskov,Alder i alt,I alt,2011,4.3
Odder,Alder i alt,I alt,2011,4.8
Randers,Alder i alt,I alt,2011,6.2
Silkeborg,Alder i alt,I alt,2011,5.5
Samsø,Alder i alt,I alt,2011,6.1
Skanderborg,Alder i alt,I alt,2011,3.8
Aarhus,Alder i alt,I alt,2011,5.3
Ikast-Brande,Alder i alt,I alt,2011,6.2
Ringkøbing-Skjern,Alder i alt,I alt,2011,4.8
Hedensted,Alder i alt,I alt,2011,4.0
Morsø,Alder i alt,I alt,2011,7.3
Skive,Alder i alt,I alt,2011,5.9
Thisted,Alder i alt,I alt,2011,4.9
Viborg,Alder i alt,I alt,2011,5.0
Brønderslev,Alder i alt,I alt,2011,6.2
Frederikshavn,Alder i alt,I alt,2011,7.1
Vesthimmerlands,Alder i alt,I alt,2011,6.2
Læsø,Alder i alt,I alt,2011,9.3
Rebild,Alder i alt,I alt,2011,5.1
Mariagerfjord,Alder i alt,I alt,2011,5.6
Jammerbugt,Alder i alt,I alt,2011,5.8
Aalborg,Alder i alt,I alt,2011,6.4
Hjørring,Alder i alt,I alt,2011,6.9
Varde,Alder i alt,I alt,2007,1.9
Vejen,Alder i alt,I alt,2007,1.9
Aabenraa,Alder i alt,I alt,2007,3.8
Fredericia,Alder i alt,I alt,2007,3.3
Horsens,Alder i alt,I alt,2007,2.3
Kolding,Alder i alt,I alt,2007,2.6
Vejle,Alder i alt,I alt,2007,2.3
Herning,Alder i alt,I alt,2007,2.3
Holstebro,Alder i alt,I alt,2007,2.2
Lemvig,Alder i alt,I alt,2007,3.1
Struer,Alder i alt,I alt,2007,2.8
Syddjurs,Alder i alt,I alt,2007,3.8
Norddjurs,Alder i alt,I alt,2007,4.4
Favrskov,Alder i alt,I alt,2007,2.2
Odder,Alder i alt,I alt,2007,2.8
Rudersdal,Alder i alt,I alt,2009,2.4
Egedal,Alder i alt,I alt,2009,2.4
Frederikssund,Alder i alt,I alt,2009,3.7
Greve,Alder i alt,I alt,2009,3.4
Fredensborg,Alder i alt,I alt,2018,3.1
Helsingør,Alder i alt,I alt,2018,4.0
Hillerød,Alder i alt,I alt,2018,2.9
Hørsholm,Alder i alt,I alt,2018,2.9
Rudersdal,Alder i alt,I alt,2018,2.7
Egedal,Alder i alt,I alt,2018,2.7
Frederikssund,Alder i alt,I alt,2018,3.2
Greve,Alder i alt,I alt,2018,2.9
Køge,Alder i alt,I alt,2018,3.4
Halsnæs,Alder i alt,I alt,2018,3.7
Roskilde,Alder i alt,I alt,2018,3.2
Solrød,Alder i alt,I alt,2018,2.3
Gribskov,Alder i alt,I alt,2018,2.8
Odsherred,Alder i alt,I alt,2018,4.7
Holbæk,Alder i alt,I alt,2018,3.4
Faxe,Alder i alt,I alt,2018,4.0
Kalundborg,Alder i alt,I alt,2018,4.0
Ringsted,Alder i alt,I alt,2018,3.6
Slagelse,Alder i alt,I alt,2018,4.4
Stevns,Alder i alt,I alt,2018,3.8
Sorø,Alder i alt,I alt,2018,3.7
Lejre,Alder i alt,I alt,2018,2.7
Lolland,Alder i alt,I alt,2018,5.4
Næstved,Alder i alt,I alt,2018,4.3
Guldborgsund,Alder i alt,I alt,2018,4.6
Vordingborg,Alder i alt,I alt,2018,4.8
Bornholm,Alder i alt,I alt,2018,4.3
Middelfart,Alder i alt,I alt,2018,3.0
Assens,Alder i alt,I alt,2018,3.7
Faaborg-Midtfyn,Alder i alt,I alt,2018,3.9
Kerteminde,Alder i alt,I alt,2018,4.2
Nyborg,Alder i alt,I alt,2018,3.8
Odense,Alder i alt,I alt,2018,4.8
Svendborg,Alder i alt,I alt,2018,4.3
Nordfyns,Alder i alt,I alt,2018,4.3
Langeland,Alder i alt,I alt,2018,5.1
Ærø,Alder i alt,I alt,2018,3.7
Haderslev,Alder i alt,I alt,2018,3.6
Billund,Alder i alt,I alt,2018,2.6
Sønderborg,Alder i alt,I alt,2018,3.5
Tønder,Alder i alt,I alt,2018,3.3
Esbjerg,Alder i alt,I alt,2018,3.7
Fanø,Alder i alt,I alt,2018,4.6
Varde,Alder i alt,I alt,2018,2.8
Vejen,Alder i alt,I alt,2018,2.7
Aabenraa,Alder i alt,I alt,2018,3.6
Fredericia,Alder i alt,I alt,2018,4.2
Horsens,Alder i alt,I alt,2018,3.3
København,Alder i alt,I alt,2014,6.3
Frederiksberg,Alder i alt,I alt,2014,5.2
Ballerup,Alder i alt,I alt,2014,5.2
Brøndby,Alder i alt,I alt,2014,6.7
Dragør,Alder i alt,I alt,2008,1.6
Gentofte,Alder i alt,I alt,2008,1.8
Gladsaxe,Alder i alt,I alt,2008,2.3
Glostrup,Alder i alt,I alt,2008,2.2
Herlev,Alder i alt,I alt,2008,2.5
Albertslund,Alder i alt,I alt,2008,3.7
Hvidovre,Alder i alt,I alt,2008,2.2
Høje-Taastrup,Alder i alt,I alt,2008,3.0
Lyngby-Taarbæk,Alder i alt,I alt,2008,1.5
Rødovre,Alder i alt,I alt,2008,2.4
Ishøj,Alder i alt,I alt,2008,4.9
Tårnby,Alder i alt,I alt,2008,2.8
Vallensbæk,Alder i alt,I alt,2008,1.9
Furesø,Alder i alt,I alt,2008,1.9
Allerød,Alder i alt,I alt,2008,1.1
Fredensborg,Alder i alt,I alt,2008,2.0
Helsingør,Alder i alt,I alt,2008,2.6
Hillerød,Alder i alt,I alt,2008,1.5
Hørsholm,Alder i alt,I alt,2008,1.4
Rudersdal,Alder i alt,I alt,2008,1.4
Egedal,Alder i alt,I alt,2008,1.1
Frederikssund,Alder i alt,I alt,2008,1.8
Greve,Alder i alt,I alt,2008,1.8
Køge,Alder i alt,I alt,2008,2.6
Halsnæs,Alder i alt,I alt,2008,2.5
Roskilde,Alder i alt,I alt,2008,1.6
Solrød,Alder i alt,I alt,2008,2.0
Gribskov,Alder i alt,I alt,2008,1.9
Odsherred,Alder i alt,I alt,2008,2.8
Holbæk,Alder i alt,I alt,2008,2.4
Faxe,Alder i alt,I alt,2008,2.4
Kalundborg,Alder i alt,I alt,2008,2.3
Ringsted,Alder i alt,I alt,2008,2.3
Slagelse,Alder i alt,I alt,2008,3.4
Stevns,Alder i alt,I alt,2008,2.3
Sorø,Alder i alt,I alt,2008,2.4
Lejre,Alder i alt,I alt,2008,1.5
Lolland,Alder i alt,I alt,2008,4.4
Næstved,Alder i alt,I alt,2008,2.9
Guldborgsund,Alder i alt,I alt,2008,3.0
Vordingborg,Alder i alt,I alt,2008,3.5
Bornholm,Alder i alt,I alt,2008,6.0
Middelfart,Alder i alt,I alt,2008,1.8
Assens,Alder i alt,I alt,2008,2.8
Faaborg-Midtfyn,Alder i alt,I alt,2008,2.6
Kerteminde,Alder i alt,I alt,2008,2.7
Nyborg,Alder i alt,I alt,2008,2.6
Odense,Alder i alt,I alt,2008,3.7
Svendborg,Alder i alt,I alt,2008,3.0
Nordfyns,Alder i alt,I alt,2008,2.9
Langeland,Alder i alt,I alt,2008,3.4
Ærø,Alder i alt,I alt,2008,2.7
Haderslev,Alder i alt,I alt,2008,2.2
Billund,Alder i alt,I alt,2008,1.3
Sønderborg,Alder i alt,I alt,2008,2.1
Tønder,Alder i alt,I alt,2008,2.4
Esbjerg,Alder i alt,I alt,2008,2.0
Fanø,Alder i alt,I alt,2008,1.9
Varde,Alder i alt,I alt,2008,1.3
Vejen,Alder i alt,I alt,2008,1.2
Aabenraa,Alder i alt,I alt,2008,2.8
Fredericia,Alder i alt,I alt,2008,2.6
Horsens,Alder i alt,I alt,2008,1.9
Kolding,Alder i alt,I alt,2008,1.8
Vejle,Alder i alt,I alt,2008,1.6
Herning,Alder i alt,I alt,2008,1.6
Holstebro,Alder i alt,I alt,2008,1.8
Lemvig,Alder i alt,I alt,2008,2.0
Billund,Alder i alt,I alt,2019,2.4
Sønderborg,Alder i alt,I alt,2019,3.5
Tønder,Alder i alt,I alt,2019,3.3
Esbjerg,Alder i alt,I alt,2019,3.3
Læsø,Alder i alt,I alt,2019,5.8
Rebild,Alder i alt,I alt,2019,3.0
Mariagerfjord,Alder i alt,I alt,2019,3.7
Jammerbugt,Alder i alt,I alt,2019,3.2
Aalborg,Alder i alt,I alt,2019,4.8
Hjørring,Alder i alt,I alt,2019,3.9
Solrød,Alder i alt,I alt,2019,2.2
Gribskov,Alder i alt,I alt,2019,2.7
Odsherred,Alder i alt,I alt,2019,4.0
Holbæk,Alder i alt,I alt,2019,3.0
Faxe,Alder i alt,I alt,2019,3.5
Kalundborg,Alder i alt,I alt,2019,3.6
Ringsted,Alder i alt,I alt,2019,3.2
Slagelse,Alder i alt,I alt,2019,4.1
Stevns,Alder i alt,I alt,2019,3.3
Sorø,Alder i alt,I alt,2019,3.5
Lejre,Alder i alt,I alt,2019,2.5
Lolland,Alder i alt,I alt,2019,4.8
Næstved,Alder i alt,I alt,2019,3.7
Guldborgsund,Alder i alt,I alt,2019,4.3
Vordingborg,Alder i alt,I alt,2019,4.5
Bornholm,Alder i alt,I alt,2019,3.9
Fanø,Alder i alt,I alt,2019,4.0
Varde,Alder i alt,I alt,2019,2.5
Vejen,Alder i alt,I alt,2019,2.6
Aabenraa,Alder i alt,I alt,2019,3.3
Fredericia,Alder i alt,I alt,2019,4.2
Horsens,Alder i alt,I alt,2019,3.3
Kolding,Alder i alt,I alt,2019,3.4
Vejle,Alder i alt,I alt,2019,3.0
Herning,Alder i alt,I alt,2019,3.2
Holstebro,Alder i alt,I alt,2019,2.7
Lemvig,Alder i alt,I alt,2019,2.7
Struer,Alder i alt,I alt,2019,3.7
Syddjurs,Alder i alt,I alt,2019,3.2
Norddjurs,Alder i alt,I alt,2019,4.2
Favrskov,Alder i alt,I alt,2019,2.4
Odder,Alder i alt,I alt,2019,2.9
København,Alder i alt,I alt,2015,5.5
Frederiksberg,Alder i alt,I alt,2015,4.7
Ballerup,Alder i alt,I alt,2015,4.4
Brøndby,Alder i alt,I alt,2015,6.1
Dragør,Alder i alt,I alt,2015,3.0
Gentofte,Alder i alt,I alt,2015,3.1
Gladsaxe,Alder i alt,I alt,2015,4.5
Glostrup,Alder i alt,I alt,2015,5.3
Herlev,Alder i alt,I alt,2015,4.5
Køge,Alder i alt,I alt,2009,4.8
Halsnæs,Alder i alt,I alt,2009,5.2
Roskilde,Alder i alt,I alt,2009,3.2
Solrød,Alder i alt,I alt,2009,3.5
Gribskov,Alder i alt,I alt,2009,3.5
Odsherred,Alder i alt,I alt,2009,5.2
Holbæk,Alder i alt,I alt,2009,4.4
Faxe,Alder i alt,I alt,2009,4.9
Kalundborg,Alder i alt,I alt,2009,4.5
Ringsted,Alder i alt,I alt,2009,4.4
Slagelse,Alder i alt,I alt,2009,5.6
Randers,Alder i alt,I alt,2007,3.3
Silkeborg,Alder i alt,I alt,2007,2.8
Samsø,Alder i alt,I alt,2007,5.4
Skanderborg,Alder i alt,I alt,2007,2.4
Aarhus,Alder i alt,I alt,2007,3.9
Ikast-Brande,Alder i alt,I alt,2007,3.0
Ringkøbing-Skjern,Alder i alt,I alt,2007,1.8
Hedensted,Alder i alt,I alt,2007,1.6
Morsø,Alder i alt,I alt,2007,3.1
Skive,Alder i alt,I alt,2007,2.4
Thisted,Alder i alt,I alt,2007,2.2
Viborg,Alder i alt,I alt,2007,2.3
Brønderslev,Alder i alt,I alt,2007,4.9
Frederikshavn,Alder i alt,I alt,2007,5.7
Vesthimmerlands,Alder i alt,I alt,2007,3.3
Læsø,Alder i alt,I alt,2007,9.1
Stevns,Alder i alt,I alt,2009,4.7
Sorø,Alder i alt,I alt,2009,4.0
Lejre,Alder i alt,I alt,2009,2.9
Lolland,Alder i alt,I alt,2009,7.0
Næstved,Alder i alt,I alt,2009,5.3
Guldborgsund,Alder i alt,I alt,2009,5.1
Vordingborg,Alder i alt,I alt,2009,5.7
Bornholm,Alder i alt,I alt,2009,7.3
Middelfart,Alder i alt,I alt,2009,4.2
Assens,Alder i alt,I alt,2009,6.0
Faaborg-Midtfyn,Alder i alt,I alt,2009,5.2
Kerteminde,Alder i alt,I alt,2009,5.5
Nyborg,Alder i alt,I alt,2009,5.1
Odense,Alder i alt,I alt,2009,5.8
Svendborg,Alder i alt,I alt,2009,4.8
Nordfyns,Alder i alt,I alt,2009,5.7
Langeland,Alder i alt,I alt,2009,5.1
Ærø,Alder i alt,I alt,2009,4.2
Haderslev,Alder i alt,I alt,2009,4.5
Billund,Alder i alt,I alt,2009,3.3
Sønderborg,Alder i alt,I alt,2009,5.2
Tønder,Alder i alt,I alt,2009,5.0
Esbjerg,Alder i alt,I alt,2009,4.1
Fanø,Alder i alt,I alt,2009,3.4
Varde,Alder i alt,I alt,2009,3.3
Vejen,Alder i alt,I alt,2009,3.7
Aabenraa,Alder i alt,I alt,2009,5.2
Fredericia,Alder i alt,I alt,2009,5.3
Horsens,Alder i alt,I alt,2009,5.1
Kolding,Alder i alt,I alt,2009,4.3
Vejle,Alder i alt,I alt,2009,3.9
Herning,Alder i alt,I alt,2009,4.2
Holstebro,Alder i alt,I alt,2009,4.4
Lemvig,Alder i alt,I alt,2009,4.3
Struer,Alder i alt,I alt,2009,5.4
Syddjurs,Alder i alt,I alt,2009,4.4
Norddjurs,Alder i alt,I alt,2009,5.1
Favrskov,Alder i alt,I alt,2009,3.9
Odder,Alder i alt,I alt,2009,4.1
Randers,Alder i alt,I alt,2009,5.3
Silkeborg,Alder i alt,I alt,2009,4.3
Dragør,Alder i alt,I alt,2014,3.2
Gentofte,Alder i alt,I alt,2014,3.4
Gladsaxe,Alder i alt,I alt,2014,5.1
Glostrup,Alder i alt,I alt,2014,5.7
Herlev,Alder i alt,I alt,2014,5.4
Albertslund,Alder i alt,I alt,2014,7.2
Hvidovre,Alder i alt,I alt,2014,4.7
Høje-Taastrup,Alder i alt,I alt,2014,6.9
Lyngby-Taarbæk,Alder i alt,I alt,2014,3.4
Rødovre,Alder i alt,I alt,2014,5.2
Ishøj,Alder i alt,I alt,2014,9.5
Tårnby,Alder i alt,I alt,2014,5.1
Vallensbæk,Alder i alt,I alt,2014,4.8
Furesø,Alder i alt,I alt,2014,4.0
Allerød,Alder i alt,I alt,2014,2.4
Fredensborg,Alder i alt,I alt,2014,4.2
Helsingør,Alder i alt,I alt,2014,4.9
Hillerød,Alder i alt,I alt,2014,3.6
Hørsholm,Alder i alt,I alt,2014,2.9
Rudersdal,Alder i alt,I alt,2014,3.1
Egedal,Alder i alt,I alt,2014,3.2
Frederikssund,Alder i alt,I alt,2014,4.4
Greve,Alder i alt,I alt,2014,4.2
Køge,Alder i alt,I alt,2014,5.0
Halsnæs,Alder i alt,I alt,2014,5.2
Roskilde,Alder i alt,I alt,2014,4.0
Solrød,Alder i alt,I alt,2014,3.5
Gribskov,Alder i alt,I alt,2014,4.0
Odsherred,Alder i alt,I alt,2014,5.9
Holbæk,Alder i alt,I alt,2014,4.2
Faxe,Alder i alt,I alt,2014,5.1
Kalundborg,Alder i alt,I alt,2014,5.1
Ringsted,Alder i alt,I alt,2014,4.7
Slagelse,Alder i alt,I alt,2014,6.3
Stevns,Alder i alt,I alt,2014,4.9
Sorø,Alder i alt,I alt,2014,4.7
Lejre,Alder i alt,I alt,2014,3.1
Lolland,Alder i alt,I alt,2014,7.4
Næstved,Alder i alt,I alt,2014,5.3
Guldborgsund,Alder i alt,I alt,2014,5.8
Vordingborg,Alder i alt,I alt,2014,5.4
Bornholm,Alder i alt,I alt,2014,6.3
Middelfart,Alder i alt,I alt,2014,3.5
Assens,Alder i alt,I alt,2014,5.3
Faaborg-Midtfyn,Alder i alt,I alt,2014,5.1
Kerteminde,Alder i alt,I alt,2014,5.0
Nyborg,Alder i alt,I alt,2014,5.2
Odense,Alder i alt,I alt,2014,6.4
Svendborg,Alder i alt,I alt,2014,5.7
Nordfyns,Alder i alt,I alt,2014,5.0
Langeland,Alder i alt,I alt,2014,6.0
Ærø,Alder i alt,I alt,2014,4.6
Haderslev,Alder i alt,I alt,2014,4.8
Billund,Alder i alt,I alt,2014,3.5
Sønderborg,Alder i alt,I alt,2014,4.8
Tønder,Alder i alt,I alt,2014,4.9
Esbjerg,Alder i alt,I alt,2014,4.5
Fanø,Alder i alt,I alt,2014,4.0
Varde,Alder i alt,I alt,2014,3.1
Vejen,Alder i alt,I alt,2014,3.9
Aabenraa,Alder i alt,I alt,2014,5.2
Fredericia,Alder i alt,I alt,2014,5.4
Horsens,Alder i alt,I alt,2014,4.5
Kolding,Alder i alt,I alt,2014,4.5
Vejle,Alder i alt,I alt,2014,4.2
Herning,Alder i alt,I alt,2014,4.2
Holstebro,Alder i alt,I alt,2014,3.5
Struer,Alder i alt,I alt,2008,2.4
Syddjurs,Alder i alt,I alt,2008,2.5
Norddjurs,Alder i alt,I alt,2008,2.9
Favrskov,Alder i alt,I alt,2008,1.7
Odder,Alder i alt,I alt,2008,2.0
Randers,Alder i alt,I alt,2008,2.3
Silkeborg,Alder i alt,I alt,2008,1.9
Samsø,Alder i alt,I alt,2008,3.8
Skanderborg,Alder i alt,I alt,2008,1.5
Aarhus,Alder i alt,I alt,2008,2.6
Ikast-Brande,Alder i alt,I alt,2008,2.4
Ringkøbing-Skjern,Alder i alt,I alt,2008,1.4
Hedensted,Alder i alt,I alt,2008,1.0
Morsø,Alder i alt,I alt,2008,2.8
Skive,Alder i alt,I alt,2008,2.2
Thisted,Alder i alt,I alt,2008,1.9
Viborg,Alder i alt,I alt,2008,1.6
Brønderslev,Alder i alt,I alt,2008,3.5
Frederikshavn,Alder i alt,I alt,2008,3.8
Vesthimmerlands,Alder i alt,I alt,2008,2.5
Læsø,Alder i alt,I alt,2008,6.9
Rebild,Alder i alt,I alt,2008,2.1
Mariagerfjord,Alder i alt,I alt,2008,2.5
Jammerbugt,Alder i alt,I alt,2008,3.2
Aalborg,Alder i alt,I alt,2008,3.6
Hjørring,Alder i alt,I alt,2008,3.4
Silkeborg,Alder i alt,I alt,2016,3.5
Samsø,Alder i alt,I alt,2016,4.9
Skanderborg,Alder i alt,I alt,2016,2.4
Aarhus,Alder i alt,I alt,2016,4.3
Ikast-Brande,Alder i alt,I alt,2016,3.7
Ringkøbing-Skjern,Alder i alt,I alt,2016,2.5
Hedensted,Alder i alt,I alt,2016,2.5
Morsø,Alder i alt,I alt,2016,3.3
Skive,Alder i alt,I alt,2016,2.9
Thisted,Alder i alt,I alt,2016,3.1
Viborg,Alder i alt,I alt,2016,3.3
Brønderslev,Alder i alt,I alt,2016,4.1
Frederikshavn,Alder i alt,I alt,2016,5.0
Vesthimmerlands,Alder i alt,I alt,2016,4.3
Læsø,Alder i alt,I alt,2016,6.7
Rebild,Alder i alt,I alt,2016,3.4
Mariagerfjord,Alder i alt,I alt,2016,4.0
Jammerbugt,Alder i alt,I alt,2016,3.8
Aalborg,Alder i alt,I alt,2016,5.3
Hjørring,Alder i alt,I alt,2016,4.3
København,Alder i alt,I alt,2016,5.0
Frederiksberg,Alder i alt,I alt,2016,4.4
Ballerup,Alder i alt,I alt,2016,4.0
Brøndby,Alder i alt,I alt,2016,5.5
Albertslund,Alder i alt,I alt,2015,6.6
Hvidovre,Alder i alt,I alt,2015,4.3
Høje-Taastrup,Alder i alt,I alt,2015,6.4
Lyngby-Taarbæk,Alder i alt,I alt,2015,3.1
Rødovre,Alder i alt,I alt,2015,5.0
Ishøj,Alder i alt,I alt,2015,8.7
Tårnby,Alder i alt,I alt,2015,4.4
Vallensbæk,Alder i alt,I alt,2015,4.2
Furesø,Alder i alt,I alt,2015,3.6
Allerød,Alder i alt,I alt,2015,2.1
Fredensborg,Alder i alt,I alt,2015,3.8
Helsingør,Alder i alt,I alt,2015,4.5
Hillerød,Alder i alt,I alt,2015,3.2
Hørsholm,Alder i alt,I alt,2015,2.8
Rudersdal,Alder i alt,I alt,2015,2.8
Egedal,Alder i alt,I alt,2015,2.7
Frederikssund,Alder i alt,I alt,2015,3.9
Greve,Alder i alt,I alt,2015,3.7
Køge,Alder i alt,I alt,2015,4.1
Halsnæs,Alder i alt,I alt,2015,4.4
Roskilde,Alder i alt,I alt,2015,3.8
Solrød,Alder i alt,I alt,2015,3.1
Gribskov,Alder i alt,I alt,2015,3.7
Odsherred,Alder i alt,I alt,2015,5.3
Holbæk,Alder i alt,I alt,2015,4.0
Faxe,Alder i alt,I alt,2015,4.5
Kalundborg,Alder i alt,I alt,2015,4.6
Ikast-Brande,Alder i alt,I alt,2021,2.8
Ringkøbing-Skjern,Alder i alt,I alt,2021,2.2
Hedensted,Alder i alt,I alt,2021,2.2
Morsø,Alder i alt,I alt,2021,2.5
Skive,Alder i alt,I alt,2021,2.0
Thisted,Alder i alt,I alt,2021,2.6
Viborg,Alder i alt,I alt,2021,2.8
Brønderslev,Alder i alt,I alt,2021,3.5
Frederikshavn,Alder i alt,I alt,2021,4.3
Vesthimmerlands,Alder i alt,I alt,2021,3.4
Læsø,Alder i alt,I alt,2021,7.0
Rebild,Alder i alt,I alt,2021,3.0
Mariagerfjord,Alder i alt,I alt,2021,3.3
Jammerbugt,Alder i alt,I alt,2021,3.2
Aalborg,Alder i alt,I alt,2021,4.4
København,Alder i alt,I alt,2021,4.8
Frederiksberg,Alder i alt,I alt,2021,4.0
Ballerup,Alder i alt,I alt,2021,3.5
Brøndby,Alder i alt,I alt,2021,6.3
Hjørring,Alder i alt,I alt,2021,3.9
Dragør,Alder i alt,I alt,2021,3.3
Gentofte,Alder i alt,I alt,2021,3.1
Gladsaxe,Alder i alt,I alt,2021,3.2
Samsø,Alder i alt,I alt,2009,4.7
Skanderborg,Alder i alt,I alt,2009,3.4
Aarhus,Alder i alt,I alt,2009,4.4
Ikast-Brande,Alder i alt,I alt,2009,5.6
Ringkøbing-Skjern,Alder i alt,I alt,2009,4.0
Hedensted,Alder i alt,I alt,2009,4.1
Morsø,Alder i alt,I alt,2009,6.3
Skive,Alder i alt,I alt,2009,5.8
Thisted,Alder i alt,I alt,2009,4.2
Viborg,Alder i alt,I alt,2009,4.2
Brønderslev,Alder i alt,I alt,2009,6.2
Frederikshavn,Alder i alt,I alt,2009,6.4
Vesthimmerlands,Alder i alt,I alt,2009,5.5
Læsø,Alder i alt,I alt,2009,8.4
Rebild,Alder i alt,I alt,2009,5.0
Mariagerfjord,Alder i alt,I alt,2009,5.5
Jammerbugt,Alder i alt,I alt,2009,5.7
Aalborg,Alder i alt,I alt,2009,5.6
Hjørring,Alder i alt,I alt,2009,6.1
Rebild,Alder i alt,I alt,2007,3.2
Mariagerfjord,Alder i alt,I alt,2007,3.3
Jammerbugt,Alder i alt,I alt,2007,4.9
Aalborg,Alder i alt,I alt,2007,5.1
Hjørring,Alder i alt,I alt,2007,5.1
København,Alder i alt,I alt,2007,5.8
Frederiksberg,Alder i alt,I alt,2007,4.0
Ballerup,Alder i alt,I alt,2007,2.5
Brøndby,Alder i alt,I alt,2007,3.5
Dragør,Alder i alt,I alt,2007,2.3
Gentofte,Alder i alt,I alt,2007,2.7
Gladsaxe,Alder i alt,I alt,2007,3.2
Glostrup,Alder i alt,I alt,2007,3.4
Herlev,Alder i alt,I alt,2007,3.6
Albertslund,Alder i alt,I alt,2007,4.8
Hvidovre,Alder i alt,I alt,2007,3.0
Høje-Taastrup,Alder i alt,I alt,2007,3.9
Lyngby-Taarbæk,Alder i alt,I alt,2007,2.3
Rødovre,Alder i alt,I alt,2007,3.3
Ishøj,Alder i alt,I alt,2007,6.0
Tårnby,Alder i alt,I alt,2007,3.5
Vallensbæk,Alder i alt,I alt,2007,2.6
Furesø,Alder i alt,I alt,2007,3.0
Allerød,Alder i alt,I alt,2007,1.6
Fredensborg,Alder i alt,I alt,2007,3.0
Helsingør,Alder i alt,I alt,2007,3.3
Hillerød,Alder i alt,I alt,2007,2.2
Hørsholm,Alder i alt,I alt,2007,1.9
Rudersdal,Alder i alt,I alt,2007,2.3
Egedal,Alder i alt,I alt,2007,1.5
Frederikssund,Alder i alt,I alt,2007,2.1
Dragør,Alder i alt,I alt,2016,2.6
Gentofte,Alder i alt,I alt,2016,2.8
Gladsaxe,Alder i alt,I alt,2016,3.9
Glostrup,Alder i alt,I alt,2016,4.9
Herlev,Alder i alt,I alt,2016,3.9
Albertslund,Alder i alt,I alt,2016,6.3
Hvidovre,Alder i alt,I alt,2016,3.9
Høje-Taastrup,Alder i alt,I alt,2016,5.7
Lyngby-Taarbæk,Alder i alt,I alt,2016,2.8
Rødovre,Alder i alt,I alt,2016,4.5
Ishøj,Alder i alt,I alt,2016,7.7
Tårnby,Alder i alt,I alt,2016,3.6
Vallensbæk,Alder i alt,I alt,2016,3.8
Furesø,Alder i alt,I alt,2016,2.9
Allerød,Alder i alt,I alt,2016,2.0
Fredensborg,Alder i alt,I alt,2016,3.3
Helsingør,Alder i alt,I alt,2016,3.9
Hillerød,Alder i alt,I alt,2016,3.0
Hørsholm,Alder i alt,I alt,2016,2.4
Rudersdal,Alder i alt,I alt,2016,2.6
Egedal,Alder i alt,I alt,2016,2.7
Frederikssund,Alder i alt,I alt,2016,3.3
Greve,Alder i alt,I alt,2016,3.3
Køge,Alder i alt,I alt,2016,3.7
Halsnæs,Alder i alt,I alt,2016,4.3
Roskilde,Alder i alt,I alt,2016,3.7
Solrød,Alder i alt,I alt,2016,2.7
Gribskov,Alder i alt,I alt,2016,3.4
Odsherred,Alder i alt,I alt,2016,4.9
Holbæk,Alder i alt,I alt,2016,3.6
Faxe,Alder i alt,I alt,2016,4.3
Kalundborg,Alder i alt,I alt,2016,4.1
Ringsted,Alder i alt,I alt,2016,4.1
Slagelse,Alder i alt,I alt,2016,4.7
Stevns,Alder i alt,I alt,2016,3.5
Sorø,Alder i alt,I alt,2016,3.6
Lejre,Alder i alt,I alt,2016,3.1
Lolland,Alder i alt,I alt,2016,5.7
Næstved,Alder i alt,I alt,2016,4.7
Guldborgsund,Alder i alt,I alt,2016,4.6
Vordingborg,Alder i alt,I alt,2016,4.6
Bornholm,Alder i alt,I alt,2016,4.6
Middelfart,Alder i alt,I alt,2016,3.2
Assens,Alder i alt,I alt,2016,5.0
Faaborg-Midtfyn,Alder i alt,I alt,2016,4.4
Kerteminde,Alder i alt,I alt,2016,4.5
Nyborg,Alder i alt,I alt,2016,4.1
Odense,Alder i alt,I alt,2016,5.9
Svendborg,Alder i alt,I alt,2016,4.6
Nordfyns,Alder i alt,I alt,2016,4.4
Langeland,Alder i alt,I alt,2016,4.8
Ærø,Alder i alt,I alt,2016,3.9
Haderslev,Alder i alt,I alt,2016,3.8
Billund,Alder i alt,I alt,2016,2.6
Sønderborg,Alder i alt,I alt,2016,4.1
Tønder,Alder i alt,I alt,2016,3.3
Esbjerg,Alder i alt,I alt,2016,3.8
Fanø,Alder i alt,I alt,2016,3.9
Varde,Alder i alt,I alt,2016,2.6
Vejen,Alder i alt,I alt,2016,3.2
Aabenraa,Alder i alt,I alt,2016,4.0
Fredericia,Alder i alt,I alt,2016,4.7
Horsens,Alder i alt,I alt,2016,3.9
Kolding,Alder i alt,I alt,2016,3.6
Vejle,Alder i alt,I alt,2016,3.3
Herning,Alder i alt,I alt,2016,3.4
Holstebro,Alder i alt,I alt,2016,3.2
Glostrup,Alder i alt,I alt,2021,4.1
Herlev,Alder i alt,I alt,2021,3.4
Albertslund,Alder i alt,I alt,2021,5.2
Hvidovre,Alder i alt,I alt,2021,3.9
Høje-Taastrup,Alder i alt,I alt,2021,5.1
Lyngby-Taarbæk,Alder i alt,I alt,2021,2.9
Rødovre,Alder i alt,I alt,2021,4.6
Ishøj,Alder i alt,I alt,2021,6.3
Tårnby,Alder i alt,I alt,2021,4.3
Vallensbæk,Alder i alt,I alt,2021,3.7
Furesø,Alder i alt,I alt,2021,2.7
Allerød,Alder i alt,I alt,2021,2.2
Fredensborg,Alder i alt,I alt,2021,3.0
Helsingør,Alder i alt,I alt,2021,3.4
Hillerød,Alder i alt,I alt,2021,2.7
Hørsholm,Alder i alt,I alt,2021,3.0
Rudersdal,Alder i alt,I alt,2021,2.6
Egedal,Alder i alt,I alt,2021,2.6
Frederikssund,Alder i alt,I alt,2021,2.7
Greve,Alder i alt,I alt,2021,3.1
Køge,Alder i alt,I alt,2021,3.2
Halsnæs,Alder i alt,I alt,2021,3.3
Roskilde,Alder i alt,I alt,2021,3.1
Solrød,Alder i alt,I alt,2021,2.5
Gribskov,Alder i alt,I alt,2021,2.6
Odsherred,Alder i alt,I alt,2021,3.6
Holbæk,Alder i alt,I alt,2021,2.8
Faxe,Alder i alt,I alt,2021,3.3
Kalundborg,Alder i alt,I alt,2021,3.4
Ringsted,Alder i alt,I alt,2021,3.0
Slagelse,Alder i alt,I alt,2021,4.0
Stevns,Alder i alt,I alt,2021,3.2
Sorø,Alder i alt,I alt,2021,3.2
Lejre,Alder i alt,I alt,2021,2.8
Lolland,Alder i alt,I alt,2021,4.5
Næstved,Alder i alt,I alt,2021,3.5
Guldborgsund,Alder i alt,I alt,2021,3.9
Vordingborg,Alder i alt,I alt,2021,3.8
Bornholm,Alder i alt,I alt,2021,3.6
Middelfart,Alder i alt,I alt,2021,2.7
Assens,Alder i alt,I alt,2021,2.9
Faaborg-Midtfyn,Alder i alt,I alt,2021,3.3
Kerteminde,Alder i alt,I alt,2021,3.3
Nyborg,Alder i alt,I alt,2021,3.4
Odense,Alder i alt,I alt,2021,4.2
Svendborg,Alder i alt,I alt,2021,3.7
Nordfyns,Alder i alt,I alt,2021,3.6
Langeland,Alder i alt,I alt,2021,4.6
Ærø,Alder i alt,I alt,2021,3.1
Haderslev,Alder i alt,I alt,2021,3.0
Billund,Alder i alt,I alt,2021,2.7
Sønderborg,Alder i alt,I alt,2021,3.0
Tønder,Alder i alt,I alt,2021,2.8
Esbjerg,Alder i alt,I alt,2021,3.2
Fanø,Alder i alt,I alt,2021,4.5
Varde,Alder i alt,I alt,2021,2.4
Vejen,Alder i alt,I alt,2021,2.2
Aabenraa,Alder i alt,I alt,2021,2.9
Fredericia,Alder i alt,I alt,2021,3.9
Horsens,Alder i alt,I alt,2021,3.0
Kolding,Alder i alt,I alt,2021,3.0
Vejle,Alder i alt,I alt,2021,3.0
Herning,Alder i alt,I alt,2021,2.7
Holstebro,Alder i alt,I alt,2021,2.3
Lemvig,Alder i alt,I alt,2021,2.5
Struer,Alder i alt,I alt,2021,3.1
Syddjurs,Alder i alt,I alt,2021,3.3
Norddjurs,Alder i alt,I alt,2021,3.5
Greve,Alder i alt,I alt,2007,2.4
Køge,Alder i alt,I alt,2007,3.2
Halsnæs,Alder i alt,I alt,2007,3.0
Roskilde,Alder i alt,I alt,2007,2.3
Solrød,Alder i alt,I alt,2007,2.6
Gribskov,Alder i alt,I alt,2007,2.6
Odsherred,Alder i alt,I alt,2007,3.6
Holbæk,Alder i alt,I alt,2007,3.3
Faxe,Alder i alt,I alt,2007,3.1
Kalundborg,Alder i alt,I alt,2007,3.8
Ringsted,Alder i alt,I alt,2007,3.1
Slagelse,Alder i alt,I alt,2007,4.6
Stevns,Alder i alt,I alt,2007,3.3
Sorø,Alder i alt,I alt,2007,3.0
Lejre,Alder i alt,I alt,2007,1.9
Lolland,Alder i alt,I alt,2007,6.2
Næstved,Alder i alt,I alt,2007,3.5
Guldborgsund,Alder i alt,I alt,2007,4.1
Vordingborg,Alder i alt,I alt,2007,4.4
Bornholm,Alder i alt,I alt,2007,7.3
København,Alder i alt,I alt,2009,6.3
Frederiksberg,Alder i alt,I alt,2009,4.3
Ballerup,Alder i alt,I alt,2009,3.6
Brøndby,Alder i alt,I alt,2009,4.9
Dragør,Alder i alt,I alt,2009,2.8
Gentofte,Alder i alt,I alt,2009,2.6
Gladsaxe,Alder i alt,I alt,2009,3.9
Middelfart,Alder i alt,I alt,2007,2.9
Assens,Alder i alt,I alt,2007,3.7
Faaborg-Midtfyn,Alder i alt,I alt,2007,3.6
Kerteminde,Alder i alt,I alt,2007,3.6
Nyborg,Alder i alt,I alt,2007,3.4
Odense,Alder i alt,I alt,2007,4.9
Svendborg,Alder i alt,I alt,2007,4.7
Nordfyns,Alder i alt,I alt,2007,3.8
Langeland,Alder i alt,I alt,2007,5.3
Ærø,Alder i alt,I alt,2007,4.1
Haderslev,Alder i alt,I alt,2007,3.3
Billund,Alder i alt,I alt,2007,1.9
Sønderborg,Alder i alt,I alt,2007,2.9
Tønder,Alder i alt,I alt,2007,3.6
Esbjerg,Alder i alt,I alt,2007,2.7
Fanø,Alder i alt,I alt,2007,2.8
Glostrup,Alder i alt,I alt,2009,4.6
Herlev,Alder i alt,I alt,2009,4.4
Albertslund,Alder i alt,I alt,2009,5.9
Hvidovre,Alder i alt,I alt,2009,3.9
Høje-Taastrup,Alder i alt,I alt,2009,5.2
Lyngby-Taarbæk,Alder i alt,I alt,2009,2.6
Rødovre,Alder i alt,I alt,2009,4.2
Ishøj,Alder i alt,I alt,2009,7.4
Tårnby,Alder i alt,I alt,2009,4.7
Lemvig,Alder i alt,I alt,2014,3.3
Struer,Alder i alt,I alt,2014,4.9
Syddjurs,Alder i alt,I alt,2014,4.1
Norddjurs,Alder i alt,I alt,2014,5.1
Favrskov,Alder i alt,I alt,2014,3.4
Odder,Alder i alt,I alt,2014,3.5
Randers,Alder i alt,I alt,2014,5.4
Silkeborg,Alder i alt,I alt,2014,4.3
Samsø,Alder i alt,I alt,2014,5.9
Skanderborg,Alder i alt,I alt,2014,3.0
Aarhus,Alder i alt,I alt,2014,4.9
Ikast-Brande,Alder i alt,I alt,2014,4.8
Ringkøbing-Skjern,Alder i alt,I alt,2014,3.5
Hedensted,Alder i alt,I alt,2014,3.3
Morsø,Alder i alt,I alt,2014,4.7
Skive,Alder i alt,I alt,2014,3.5
Thisted,Alder i alt,I alt,2014,3.9
Viborg,Alder i alt,I alt,2014,4.1
Brønderslev,Alder i alt,I alt,2014,4.7
Frederikshavn,Alder i alt,I alt,2014,5.4
Vesthimmerlands,Alder i alt,I alt,2014,5.2
Læsø,Alder i alt,I alt,2014,7.5
Rebild,Alder i alt,I alt,2014,3.9
Mariagerfjord,Alder i alt,I alt,2014,4.9
Jammerbugt,Alder i alt,I alt,2014,4.7
Aalborg,Alder i alt,I alt,2014,6.0
Hjørring,Alder i alt,I alt,2014,5.3
Lemvig,Alder i alt,I alt,2016,3.1
Struer,Alder i alt,I alt,2016,3.6
Syddjurs,Alder i alt,I alt,2016,3.2
Norddjurs,Alder i alt,I alt,2016,4.0
Favrskov,Alder i alt,I alt,2016,2.6
Odder,Alder i alt,I alt,2016,3.1
Randers,Alder i alt,I alt,2016,4.2
Hørsholm,Alder i alt,I alt,2012,3.4
Rudersdal,Alder i alt,I alt,2012,3.5
Egedal,Alder i alt,I alt,2012,3.8
Frederikssund,Alder i alt,I alt,2012,5.2
Greve,Alder i alt,I alt,2012,4.8
Køge,Alder i alt,I alt,2012,6.4
Halsnæs,Alder i alt,I alt,2012,7.0
Roskilde,Alder i alt,I alt,2012,4.5
Solrød,Alder i alt,I alt,2012,4.4
Gribskov,Alder i alt,I alt,2012,5.0
Odsherred,Alder i alt,I alt,2012,6.9
Holbæk,Alder i alt,I alt,2012,5.2
Faxe,Alder i alt,I alt,2012,6.6
Kalundborg,Alder i alt,I alt,2012,6.8
Ringsted,Alder i alt,I alt,2012,6.2
Slagelse,Alder i alt,I alt,2012,8.2
Stevns,Alder i alt,I alt,2012,6.1
Sorø,Alder i alt,I alt,2012,5.9
Lejre,Alder i alt,I alt,2012,3.9
Lolland,Alder i alt,I alt,2012,9.8
Næstved,Alder i alt,I alt,2012,6.7
Guldborgsund,Alder i alt,I alt,2012,6.6
Vordingborg,Alder i alt,I alt,2012,6.4
Bornholm,Alder i alt,I alt,2012,7.4
Middelfart,Alder i alt,I alt,2012,5.2
Assens,Alder i alt,I alt,2012,7.2
Faaborg-Midtfyn,Alder i alt,I alt,2012,6.7
Kerteminde,Alder i alt,I alt,2012,8.6
Nyborg,Alder i alt,I alt,2012,7.0
Odense,Alder i alt,I alt,2012,7.9
Svendborg,Alder i alt,I alt,2012,7.1
Nordfyns,Alder i alt,I alt,2012,7.2
Langeland,Alder i alt,I alt,2012,8.0
Ærø,Alder i alt,I alt,2012,5.1
Haderslev,Alder i alt,I alt,2012,6.4
Billund,Alder i alt,I alt,2012,3.9
Sønderborg,Alder i alt,I alt,2012,6.1
Tønder,Alder i alt,I alt,2012,5.9
Esbjerg,Alder i alt,I alt,2012,5.5
Fanø,Alder i alt,I alt,2012,4.3
Varde,Alder i alt,I alt,2012,4.2
Vejen,Alder i alt,I alt,2012,4.8
Aabenraa,Alder i alt,I alt,2012,6.9
Fredericia,Alder i alt,I alt,2012,7.0
Horsens,Alder i alt,I alt,2012,5.9
Kolding,Alder i alt,I alt,2012,5.5
Vejle,Alder i alt,I alt,2012,5.1
Herning,Alder i alt,I alt,2012,5.5
Holstebro,Alder i alt,I alt,2012,4.9
Lemvig,Alder i alt,I alt,2012,4.8
Struer,Alder i alt,I alt,2012,6.4
Syddjurs,Alder i alt,I alt,2012,5.4
Norddjurs,Alder i alt,I alt,2012,6.4
Favrskov,Alder i alt,I alt,2012,4.5
Odder,Alder i alt,I alt,2012,4.8
Randers,Alder i alt,I alt,2012,6.2
Silkeborg,Alder i alt,I alt,2012,5.5
Samsø,Alder i alt,I alt,2012,6.3
Skanderborg,Alder i alt,I alt,2012,3.8
Aarhus,Alder i alt,I alt,2012,5.6
Favrskov,Alder i alt,I alt,2021,2.5
Odder,Alder i alt,I alt,2021,2.9
Randers,Alder i alt,I alt,2021,3.5
Silkeborg,Alder i alt,I alt,2021,2.8
Samsø,Alder i alt,I alt,2021,3.8
Skanderborg,Alder i alt,I alt,2021,2.3
Aarhus,Alder i alt,I alt,2021,4.2
København,Alder i alt,I alt,2022,3.3
Frederiksberg,Alder i alt,I alt,2022,2.8
Ballerup,Alder i alt,I alt,2022,2.2
Brøndby,Alder i alt,I alt,2022,4.1
Dragør,Alder i alt,I alt,2022,1.9
Gentofte,Alder i alt,I alt,2022,2.1
Gladsaxe,Alder i alt,I alt,2022,2.0
Glostrup,Alder i alt,I alt,2022,3.0
Herlev,Alder i alt,I alt,2022,2.2
Albertslund,Alder i alt,I alt,2022,3.3
Hvidovre,Alder i alt,I alt,2022,2.7
Høje-Taastrup,Alder i alt,I alt,2022,3.5
Lyngby-Taarbæk,Alder i alt,I alt,2022,2.0
Rødovre,Alder i alt,I alt,2022,3.2
Ishøj,Alder i alt,I alt,2022,4.6
Tårnby,Alder i alt,I alt,2022,2.6
Vallensbæk,Alder i alt,I alt,2022,2.5
Furesø,Alder i alt,I alt,2022,1.9
Allerød,Alder i alt,I alt,2022,1.4
Fredensborg,Alder i alt,I alt,2022,1.9
Helsingør,Alder i alt,I alt,2022,2.4
Hillerød,Alder i alt,I alt,2022,1.9
Hørsholm,Alder i alt,I alt,2022,2.0
Rudersdal,Alder i alt,I alt,2022,1.8
Egedal,Alder i alt,I alt,2022,1.7
Frederikssund,Alder i alt,I alt,2022,1.9
Greve,Alder i alt,I alt,2022,2.1
Køge,Alder i alt,I alt,2022,2.2
Halsnæs,Alder i alt,I alt,2022,2.1
Roskilde,Alder i alt,I alt,2022,2.2
Solrød,Alder i alt,I alt,2022,1.8
Gribskov,Alder i alt,I alt,2022,1.6
Odsherred,Alder i alt,I alt,2022,2.4
Holbæk,Alder i alt,I alt,2022,2.0
Faxe,Alder i alt,I alt,2022,2.4
Kalundborg,Alder i alt,I alt,2022,2.5
Ringsted,Alder i alt,I alt,2022,2.4
Slagelse,Alder i alt,I alt,2022,2.8
Stevns,Alder i alt,I alt,2022,2.4
Sorø,Alder i alt,I alt,2022,2.4
Lejre,Alder i alt,I alt,2022,2.0
Lolland,Alder i alt,I alt,2022,3.1
Næstved,Alder i alt,I alt,2022,2.6
Guldborgsund,Alder i alt,I alt,2022,2.7
Vallensbæk,Alder i alt,I alt,2009,3.7
Furesø,Alder i alt,I alt,2009,3.1
Allerød,Alder i alt,I alt,2009,2.2
Fredensborg,Alder i alt,I alt,2009,3.5
Helsingør,Alder i alt,I alt,2009,4.5
Hillerød,Alder i alt,I alt,2009,3.2
Hørsholm,Alder i alt,I alt,2009,2.5
København,Alder i alt,I alt,2020,5.7
Frederiksberg,Alder i alt,I alt,2020,4.7
Ballerup,Alder i alt,I alt,2020,4.3
Brøndby,Alder i alt,I alt,2020,7.4
Dragør,Alder i alt,I alt,2020,3.6
Gentofte,Alder i alt,I alt,2020,3.7
Gladsaxe,Alder i alt,I alt,2020,4.1
Glostrup,Alder i alt,I alt,2020,4.9
Herlev,Alder i alt,I alt,2020,3.9
Thisted,Alder i alt,I alt,2020,4.1
Viborg,Alder i alt,I alt,2020,3.8
Brønderslev,Alder i alt,I alt,2020,4.6
Frederikshavn,Alder i alt,I alt,2020,5.2
Vesthimmerlands,Alder i alt,I alt,2020,4.8
Læsø,Alder i alt,I alt,2020,8.5
Rebild,Alder i alt,I alt,2020,4.1
Mariagerfjord,Alder i alt,I alt,2020,4.6
Jammerbugt,Alder i alt,I alt,2020,4.2
Aalborg,Alder i alt,I alt,2020,5.7
Hjørring,Alder i alt,I alt,2020,5.0
Albertslund,Alder i alt,I alt,2020,6.0
Hvidovre,Alder i alt,I alt,2020,4.5
Høje-Taastrup,Alder i alt,I alt,2020,5.7
Lyngby-Taarbæk,Alder i alt,I alt,2020,3.4
Rødovre,Alder i alt,I alt,2020,5.6
Ishøj,Alder i alt,I alt,2020,7.2
Tårnby,Alder i alt,I alt,2020,4.2
Vallensbæk,Alder i alt,I alt,2020,4.3
Furesø,Alder i alt,I alt,2020,3.4
Allerød,Alder i alt,I alt,2020,2.9
Fredensborg,Alder i alt,I alt,2020,3.6
Helsingør,Alder i alt,I alt,2020,4.5
Hillerød,Alder i alt,I alt,2020,3.2
Hørsholm,Alder i alt,I alt,2020,3.4
Rudersdal,Alder i alt,I alt,2020,3.1
Egedal,Alder i alt,I alt,2020,3.2
Frederikssund,Alder i alt,I alt,2020,3.5
Greve,Alder i alt,I alt,2020,3.7
Køge,Alder i alt,I alt,2020,3.8
Halsnæs,Alder i alt,I alt,2020,3.9
Roskilde,Alder i alt,I alt,2020,3.7
Solrød,Alder i alt,I alt,2020,3.3
Gribskov,Alder i alt,I alt,2020,3.4
Odsherred,Alder i alt,I alt,2020,4.6
Vordingborg,Alder i alt,I alt,2022,2.8
Bornholm,Alder i alt,I alt,2022,2.3
Middelfart,Alder i alt,I alt,2022,1.8
Assens,Alder i alt,I alt,2022,2.1
Faaborg-Midtfyn,Alder i alt,I alt,2022,2.2
Kerteminde,Alder i alt,I alt,2022,2.2
Nyborg,Alder i alt,I alt,2022,2.4
Odense,Alder i alt,I alt,2022,3.0
Svendborg,Alder i alt,I alt,2022,2.8
Nordfyns,Alder i alt,I alt,2022,2.6
Langeland,Alder i alt,I alt,2022,3.2
Ærø,Alder i alt,I alt,2022,1.8
Haderslev,Alder i alt,I alt,2022,2.3
Billund,Alder i alt,I alt,2022,1.4
Sønderborg,Alder i alt,I alt,2022,2.0
Tønder,Alder i alt,I alt,2022,1.8
Esbjerg,Alder i alt,I alt,2022,2.3
Fanø,Alder i alt,I alt,2022,2.7
Varde,Alder i alt,I alt,2022,1.6
Vejen,Alder i alt,I alt,2022,1.4
Aabenraa,Alder i alt,I alt,2022,2.1
Fredericia,Alder i alt,I alt,2022,2.5
Horsens,Alder i alt,I alt,2022,2.1
Kolding,Alder i alt,I alt,2022,2.2
Vejle,Alder i alt,I alt,2022,2.0
Herning,Alder i alt,I alt,2022,1.7
Holstebro,Alder i alt,I alt,2022,1.6
Lemvig,Alder i alt,I alt,2022,2.1
Struer,Alder i alt,I alt,2022,2.3
Syddjurs,Alder i alt,I alt,2022,2.3
Norddjurs,Alder i alt,I alt,2022,2.5
Favrskov,Alder i alt,I alt,2022,1.8
Odder,Alder i alt,I alt,2022,2.0
Randers,Alder i alt,I alt,2022,2.6
Silkeborg,Alder i alt,I alt,2022,2.0
Samsø,Alder i alt,I alt,2022,3.0
Skanderborg,Alder i alt,I alt,2022,1.6
Aarhus,Alder i alt,I alt,2022,3.0
Ikast-Brande,Alder i alt,I alt,2022,1.8
Ringkøbing-Skjern,Alder i alt,I alt,2022,1.5
Hedensted,Alder i alt,I alt,2022,1.5
Morsø,Alder i alt,I alt,2022,2.0
Skive,Alder i alt,I alt,2022,1.5
Thisted,Alder i alt,I alt,2022,1.8
Viborg,Alder i alt,I alt,2022,2.2
Brønderslev,Alder i alt,I alt,2022,2.7
Frederikshavn,Alder i alt,I alt,2022,3.3
Vesthimmerlands,Alder i alt,I alt,2022,2.3
Læsø,Alder i alt,I alt,2022,4.9
Rebild,Alder i alt,I alt,2022,2.1
Mariagerfjord,Alder i alt,I alt,2022,2.2
Jammerbugt,Alder i alt,I alt,2022,2.4
Aalborg,Alder i alt,I alt,2022,3.4
Hjørring,Alder i alt,I alt,2022,2.6
Holbæk,Alder i alt,I alt,2020,3.7
Faxe,Alder i alt,I alt,2020,4.2
Kalundborg,Alder i alt,I alt,2020,4.3
Ringsted,Alder i alt,I alt,2020,4.0
Slagelse,Alder i alt,I alt,2020,5.0
Stevns,Alder i alt,I alt,2020,4.0
Sorø,Alder i alt,I alt,2020,4.3
Lejre,Alder i alt,I alt,2020,3.4
Lolland,Alder i alt,I alt,2020,5.8
Næstved,Alder i alt,I alt,2020,4.5
Guldborgsund,Alder i alt,I alt,2020,5.1
Vordingborg,Alder i alt,I alt,2020,5.0
Bornholm,Alder i alt,I alt,2020,5.5
Middelfart,Alder i alt,I alt,2020,3.5
Assens,Alder i alt,I alt,2020,4.4
Faaborg-Midtfyn,Alder i alt,I alt,2020,4.6
Kerteminde,Alder i alt,I alt,2020,4.5
Nyborg,Alder i alt,I alt,2020,5.0
Odense,Alder i alt,I alt,2020,5.5
Svendborg,Alder i alt,I alt,2020,5.2
Nordfyns,Alder i alt,I alt,2020,5.1
Langeland,Alder i alt,I alt,2020,5.8
Ærø,Alder i alt,I alt,2020,4.0
Haderslev,Alder i alt,I alt,2020,4.2
Billund,Alder i alt,I alt,2020,3.6
Sønderborg,Alder i alt,I alt,2020,4.4
Tønder,Alder i alt,I alt,2020,4.0
Esbjerg,Alder i alt,I alt,2020,4.2
Fanø,Alder i alt,I alt,2020,5.1
Varde,Alder i alt,I alt,2020,3.3
Vejen,Alder i alt,I alt,2020,3.3
Aabenraa,Alder i alt,I alt,2020,4.0
Fredericia,Alder i alt,I alt,2020,5.0
Horsens,Alder i alt,I alt,2020,4.3
Kolding,Alder i alt,I alt,2020,4.2
Vejle,Alder i alt,I alt,2020,4.1
Herning,Alder i alt,I alt,2020,3.9
Holstebro,Alder i alt,I alt,2020,3.3
Lemvig,Alder i alt,I alt,2020,3.4
Struer,Alder i alt,I alt,2020,4.3
Syddjurs,Alder i alt,I alt,2020,4.0
Norddjurs,Alder i alt,I alt,2020,4.5
Favrskov,Alder i alt,I alt,2020,3.2
Odder,Alder i alt,I alt,2020,3.7
Randers,Alder i alt,I alt,2020,4.6
Silkeborg,Alder i alt,I alt,2020,3.9
Samsø,Alder i alt,I alt,2020,4.7
Skanderborg,Alder i alt,I alt,2020,3.1
Aarhus,Alder i alt,I alt,2020,5.4
Ikast-Brande,Alder i alt,I alt,2020,4.0
Ringkøbing-Skjern,Alder i alt,I alt,2020,3.2
Hedensted,Alder i alt,I alt,2020,3.2
Morsø,Alder i alt,I alt,2020,3.9
Skive,Alder i alt,I alt,2020,3.0
Vallensbæk,Alder i alt,I alt,2013,5.4
Furesø,Alder i alt,I alt,2013,4.2
Allerød,Alder i alt,I alt,2013,2.6
Fredensborg,Alder i alt,I alt,2013,4.5
Helsingør,Alder i alt,I alt,2013,5.4
Hillerød,Alder i alt,I alt,2013,4.1
Hørsholm,Alder i alt,I alt,2013,3.1
Rudersdal,Alder i alt,I alt,2013,3.4
Egedal,Alder i alt,I alt,2013,3.7
Frederikssund,Alder i alt,I alt,2013,5.4
Greve,Alder i alt,I alt,2013,4.6
Køge,Alder i alt,I alt,2013,5.9
Halsnæs,Alder i alt,I alt,2013,6.5
Ikast-Brande,Alder i alt,I alt,2012,5.7
Ringkøbing-Skjern,Alder i alt,I alt,2012,4.5
Hedensted,Alder i alt,I alt,2012,4.0
Morsø,Alder i alt,I alt,2012,6.3
Skive,Alder i alt,I alt,2012,5.5
Thisted,Alder i alt,I alt,2012,4.7
Viborg,Alder i alt,I alt,2012,5.1
Brønderslev,Alder i alt,I alt,2012,5.9
Frederikshavn,Alder i alt,I alt,2012,6.7
Vesthimmerlands,Alder i alt,I alt,2012,5.8
Læsø,Alder i alt,I alt,2012,8.8
Rebild,Alder i alt,I alt,2012,4.5
Mariagerfjord,Alder i alt,I alt,2012,5.7
Jammerbugt,Alder i alt,I alt,2012,6.1
Aalborg,Alder i alt,I alt,2012,6.3
Hjørring,Alder i alt,I alt,2012,6.9
København,Alder i alt,I alt,2012,7.6
Frederiksberg,Alder i alt,I alt,2012,5.9
Ballerup,Alder i alt,I alt,2012,5.6
Brøndby,Alder i alt,I alt,2012,7.4
Dragør,Alder i alt,I alt,2012,3.7
Gentofte,Alder i alt,I alt,2012,3.9
Gladsaxe,Alder i alt,I alt,2012,5.5
Glostrup,Alder i alt,I alt,2012,6.4
Herlev,Alder i alt,I alt,2012,6.4
Albertslund,Alder i alt,I alt,2012,8.4
Hvidovre,Alder i alt,I alt,2012,5.6
Høje-Taastrup,Alder i alt,I alt,2012,7.8
Lyngby-Taarbæk,Alder i alt,I alt,2012,4.0
Rødovre,Alder i alt,I alt,2012,5.9
Ishøj,Alder i alt,I alt,2012,10.5
Tårnby,Alder i alt,I alt,2012,5.8
Vallensbæk,Alder i alt,I alt,2012,5.3
Furesø,Alder i alt,I alt,2012,4.2
Allerød,Alder i alt,I alt,2012,2.9
Fredensborg,Alder i alt,I alt,2012,4.5
Helsingør,Alder i alt,I alt,2012,5.6
Hillerød,Alder i alt,I alt,2012,4.4
København,Alder i alt,I alt,2017,4.9
Frederiksberg,Alder i alt,I alt,2017,4.2
Ballerup,Alder i alt,I alt,2017,3.8
Brøndby,Alder i alt,I alt,2017,5.8
Dragør,Alder i alt,I alt,2017,2.9
Gentofte,Alder i alt,I alt,2017,3.2
Gladsaxe,Alder i alt,I alt,2017,3.8
Glostrup,Alder i alt,I alt,2017,4.5
Herlev,Alder i alt,I alt,2017,3.9
Albertslund,Alder i alt,I alt,2017,5.6
Hvidovre,Alder i alt,I alt,2017,3.9
Høje-Taastrup,Alder i alt,I alt,2017,5.1
Lyngby-Taarbæk,Alder i alt,I alt,2017,3.0
Rødovre,Alder i alt,I alt,2017,4.7
Ishøj,Alder i alt,I alt,2017,6.8
Tårnby,Alder i alt,I alt,2017,3.5
Vallensbæk,Alder i alt,I alt,2017,3.6
Furesø,Alder i alt,I alt,2017,3.1
Allerød,Alder i alt,I alt,2017,2.5
Fredensborg,Alder i alt,I alt,2017,3.4
Helsingør,Alder i alt,I alt,2017,4.3
Hillerød,Alder i alt,I alt,2017,3.3
Hørsholm,Alder i alt,I alt,2017,2.9
Rudersdal,Alder i alt,I alt,2017,3.1
Egedal,Alder i alt,I alt,2017,3.0
Frederikssund,Alder i alt,I alt,2017,3.6
Greve,Alder i alt,I alt,2017,3.3
Køge,Alder i alt,I alt,2017,3.8
Halsnæs,Alder i alt,I alt,2017,4.2
Roskilde,Alder i alt,I alt,2017,3.5
Solrød,Alder i alt,I alt,2017,2.7
Gribskov,Alder i alt,I alt,2017,3.5
Odsherred,Alder i alt,I alt,2017,5.4
Holbæk,Alder i alt,I alt,2017,3.7
Faxe,Alder i alt,I alt,2017,4.3
Kalundborg,Alder i alt,I alt,2017,4.6
Ringsted,Alder i alt,I alt,2017,4.0
Slagelse,Alder i alt,I alt,2017,4.6
Stevns,Alder i alt,I alt,2017,3.8
Sorø,Alder i alt,I alt,2017,3.7
Lejre,Alder i alt,I alt,2017,3.2
Lolland,Alder i alt,I alt,2017,6.0
Næstved,Alder i alt,I alt,2017,4.9
Guldborgsund,Alder i alt,I alt,2017,5.0
Vordingborg,Alder i alt,I alt,2017,4.7
Bornholm,Alder i alt,I alt,2017,4.6
Middelfart,Alder i alt,I alt,2017,3.1
Assens,Alder i alt,I alt,2017,4.3
Faaborg-Midtfyn,Alder i alt,I alt,2017,4.4
Kerteminde,Alder i alt,I alt,2017,4.6
Nyborg,Alder i alt,I alt,2017,4.5
Odense,Alder i alt,I alt,2017,5.6
Svendborg,Alder i alt,I alt,2017,4.8
Nordfyns,Alder i alt,I alt,2017,4.9
Langeland,Alder i alt,I alt,2017,5.7
Ærø,Alder i alt,I alt,2017,4.7
Haderslev,Alder i alt,I alt,2017,3.8
Billund,Alder i alt,I alt,2017,2.8
Sønderborg,Alder i alt,I alt,2017,4.0
Tønder,Alder i alt,I alt,2017,3.6
Esbjerg,Alder i alt,I alt,2017,3.9
Fanø,Alder i alt,I alt,2017,5.1
Varde,Alder i alt,I alt,2017,2.8
Vejen,Alder i alt,I alt,2017,3.0
Aabenraa,Alder i alt,I alt,2017,4.0
Roskilde,Alder i alt,I alt,2013,4.4
Solrød,Alder i alt,I alt,2013,4.1
Gribskov,Alder i alt,I alt,2013,5.1
Odsherred,Alder i alt,I alt,2013,6.4
Holbæk,Alder i alt,I alt,2013,4.8
Faxe,Alder i alt,I alt,2013,6.0
Kalundborg,Alder i alt,I alt,2013,6.4
Ringsted,Alder i alt,I alt,2013,5.9
Slagelse,Alder i alt,I alt,2013,7.3
Stevns,Alder i alt,I alt,2013,5.8
Sorø,Alder i alt,I alt,2013,5.7
Lejre,Alder i alt,I alt,2013,3.5
Lolland,Alder i alt,I alt,2013,9.1
Næstved,Alder i alt,I alt,2013,6.3
Guldborgsund,Alder i alt,I alt,2013,6.8
Vordingborg,Alder i alt,I alt,2013,5.7
Bornholm,Alder i alt,I alt,2013,7.0
Middelfart,Alder i alt,I alt,2013,4.6
Assens,Alder i alt,I alt,2013,6.5
Faaborg-Midtfyn,Alder i alt,I alt,2013,6.1
Kerteminde,Alder i alt,I alt,2013,6.8
Nyborg,Alder i alt,I alt,2013,6.2
Odense,Alder i alt,I alt,2013,7.2
Svendborg,Alder i alt,I alt,2013,6.7
Nordfyns,Alder i alt,I alt,2013,6.1
Langeland,Alder i alt,I alt,2013,7.5
Ærø,Alder i alt,I alt,2013,5.5
Haderslev,Alder i alt,I alt,2013,5.7
Billund,Alder i alt,I alt,2013,3.8
Sønderborg,Alder i alt,I alt,2013,6.0
Tønder,Alder i alt,I alt,2013,6.0
Esbjerg,Alder i alt,I alt,2013,5.5
Fanø,Alder i alt,I alt,2013,4.2
Varde,Alder i alt,I alt,2013,4.1
Vejen,Alder i alt,I alt,2013,4.8
Aabenraa,Alder i alt,I alt,2013,6.4
Fredericia,Alder i alt,I alt,2013,6.4
Horsens,Alder i alt,I alt,2013,5.6
Kolding,Alder i alt,I alt,2013,5.2
Vejle,Alder i alt,I alt,2013,5.0
Herning,Alder i alt,I alt,2013,5.2
Holstebro,Alder i alt,I alt,2013,4.3
Lemvig,Alder i alt,I alt,2013,4.4
Struer,Alder i alt,I alt,2013,6.0
Syddjurs,Alder i alt,I alt,2013,4.9
Norddjurs,Alder i alt,I alt,2013,5.8
Favrskov,Alder i alt,I alt,2013,4.2
Odder,Alder i alt,I alt,2013,4.3
Randers,Alder i alt,I alt,2013,5.9
Silkeborg,Alder i alt,I alt,2013,5.0
Samsø,Alder i alt,I alt,2013,6.4
Skanderborg,Alder i alt,I alt,2013,3.4
Aarhus,Alder i alt,I alt,2013,5.6
Ikast-Brande,Alder i alt,I alt,2013,5.7
Ringkøbing-Skjern,Alder i alt,I alt,2013,4.6
Hedensted,Alder i alt,I alt,2013,3.9
Morsø,Alder i alt,I alt,2013,5.3
Skive,Alder i alt,I alt,2013,4.5
Thisted,Alder i alt,I alt,2013,4.3
Viborg,Alder i alt,I alt,2013,4.6
Brønderslev,Alder i alt,I alt,2013,5.4
Frederikshavn,Alder i alt,I alt,2013,5.9
Vesthimmerlands,Alder i alt,I alt,2013,5.9
Læsø,Alder i alt,I alt,2013,8.5
Rebild,Alder i alt,I alt,2013,4.2
Mariagerfjord,Alder i alt,I alt,2013,5.5
Jammerbugt,Alder i alt,I alt,2013,5.5
Aalborg,Alder i alt,I alt,2013,6.0
Fredericia,Alder i alt,I alt,2017,4.6
Horsens,Alder i alt,I alt,2017,3.7
Kolding,Alder i alt,I alt,2017,3.7
Vejle,Alder i alt,I alt,2017,3.5
Herning,Alder i alt,I alt,2017,3.6
Holstebro,Alder i alt,I alt,2017,3.1
Lemvig,Alder i alt,I alt,2017,3.5
Struer,Alder i alt,I alt,2017,3.8
Syddjurs,Alder i alt,I alt,2017,3.6
Norddjurs,Alder i alt,I alt,2017,4.5
Favrskov,Alder i alt,I alt,2017,2.7
Odder,Alder i alt,I alt,2017,3.6
Randers,Alder i alt,I alt,2017,4.2
Silkeborg,Alder i alt,I alt,2017,3.7
Samsø,Alder i alt,I alt,2017,5.5
Skanderborg,Alder i alt,I alt,2017,2.6
Aarhus,Alder i alt,I alt,2017,4.4
Ikast-Brande,Alder i alt,I alt,2017,4.0
Ringkøbing-Skjern,Alder i alt,I alt,2017,2.6
Hedensted,Alder i alt,I alt,2017,2.5
Morsø,Alder i alt,I alt,2017,3.6
Skive,Alder i alt,I alt,2017,3.3
Thisted,Alder i alt,I alt,2017,3.4
Viborg,Alder i alt,I alt,2017,3.4
Brønderslev,Alder i alt,I alt,2017,4.3
Frederikshavn,Alder i alt,I alt,2017,5.2
Vesthimmerlands,Alder i alt,I alt,2017,4.5
Læsø,Alder i alt,I alt,2017,5.9
Rebild,Alder i alt,I alt,2017,3.7
Mariagerfjord,Alder i alt,I alt,2017,4.1
Jammerbugt,Alder i alt,I alt,2017,3.8
Aalborg,Alder i alt,I alt,2017,5.4
Hjørring,Alder i alt,I alt,2017,4.9
København,Alder i alt,I alt,2010,7.5
Frederiksberg,Alder i alt,I alt,2010,5.7
Ballerup,Alder i alt,I alt,2010,4.7
Brøndby,Alder i alt,I alt,2010,6.9
Dragør,Alder i alt,I alt,2010,3.6
Gentofte,Alder i alt,I alt,2010,3.5
Gladsaxe,Alder i alt,I alt,2010,5.3
Glostrup,Alder i alt,I alt,2010,6.4
Herlev,Alder i alt,I alt,2010,5.8
Albertslund,Alder i alt,I alt,2010,7.7
Hvidovre,Alder i alt,I alt,2010,5.4
Høje-Taastrup,Alder i alt,I alt,2010,7.2
Lyngby-Taarbæk,Alder i alt,I alt,2010,3.7
Rødovre,Alder i alt,I alt,2010,5.6
Ishøj,Alder i alt,I alt,2010,9.9
Tårnby,Alder i alt,I alt,2010,5.9
Vallensbæk,Alder i alt,I alt,2010,4.9
Skanderborg,Alder i alt,I alt,2010,4.1
Aarhus,Alder i alt,I alt,2010,5.2
Ikast-Brande,Alder i alt,I alt,2010,6.8
Ringkøbing-Skjern,Alder i alt,I alt,2010,5.3
Hedensted,Alder i alt,I alt,2010,5.1
Morsø,Alder i alt,I alt,2010,8.1
Skive,Alder i alt,I alt,2010,6.8
Thisted,Alder i alt,I alt,2010,5.4
Viborg,Alder i alt,I alt,2010,5.2
Brønderslev,Alder i alt,I alt,2010,6.8
Frederikshavn,Alder i alt,I alt,2010,8.0
Vesthimmerlands,Alder i alt,I alt,2010,6.4
Læsø,Alder i alt,I alt,2010,8.4
Rebild,Alder i alt,I alt,2010,6.0
Mariagerfjord,Alder i alt,I alt,2010,6.4
Furesø,Alder i alt,I alt,2010,4.2
Allerød,Alder i alt,I alt,2010,2.8
Fredensborg,Alder i alt,I alt,2010,4.4
Helsingør,Alder i alt,I alt,2010,5.6
Hillerød,Alder i alt,I alt,2010,4.6
Hørsholm,Alder i alt,I alt,2010,3.1
Rudersdal,Alder i alt,I alt,2010,3.3
Egedal,Alder i alt,I alt,2010,3.5
Frederikssund,Alder i alt,I alt,2010,4.8
Greve,Alder i alt,I alt,2010,4.8
Køge,Alder i alt,I alt,2010,6.3
Halsnæs,Alder i alt,I alt,2010,7.0
Roskilde,Alder i alt,I alt,2010,4.3
Solrød,Alder i alt,I alt,2010,4.5
Gribskov,Alder i alt,I alt,2010,5.1
Odsherred,Alder i alt,I alt,2010,7.4
Jammerbugt,Alder i alt,I alt,2010,6.3
Aalborg,Alder i alt,I alt,2010,6.4
Hjørring,Alder i alt,I alt,2010,7.2
Holbæk,Alder i alt,I alt,2010,5.6
Faxe,Alder i alt,I alt,2010,6.3
Kalundborg,Alder i alt,I alt,2010,6.5
Ringsted,Alder i alt,I alt,2010,5.8
Slagelse,Alder i alt,I alt,2010,7.7
Stevns,Alder i alt,I alt,2010,6.1
Sorø,Alder i alt,I alt,2010,5.6
Lejre,Alder i alt,I alt,2010,3.9
Lolland,Alder i alt,I alt,2010,9.1
Næstved,Alder i alt,I alt,2010,6.7
Guldborgsund,Alder i alt,I alt,2010,6.4
Vordingborg,Alder i alt,I alt,2010,6.8
Bornholm,Alder i alt,I alt,2010,8.1
Middelfart,Alder i alt,I alt,2010,5.4
Assens,Alder i alt,I alt,2010,7.6
Faaborg-Midtfyn,Alder i alt,I alt,2010,6.6
Kerteminde,Alder i alt,I alt,2010,7.6
Nyborg,Alder i alt,I alt,2010,6.7
Odense,Alder i alt,I alt,2010,7.3
Svendborg,Alder i alt,I alt,2010,6.4
Nordfyns,Alder i alt,I alt,2010,7.5
Langeland,Alder i alt,I alt,2010,7.1
Ærø,Alder i alt,I alt,2010,4.8
Haderslev,Alder i alt,I alt,2010,6.4
Billund,Alder i alt,I alt,2010,4.1
Sønderborg,Alder i alt,I alt,2010,6.3
Tønder,Alder i alt,I alt,2010,6.1
Esbjerg,Alder i alt,I alt,2010,5.4
Fanø,Alder i alt,I alt,2010,4.3
Varde,Alder i alt,I alt,2010,4.5
Vejen,Alder i alt,I alt,2010,5.4
Aabenraa,Alder i alt,I alt,2010,6.8
Fredericia,Alder i alt,I alt,2010,6.8
Hjørring,Alder i alt,I alt,2013,6.0
København,Alder i alt,I alt,2013,7.2
Frederiksberg,Alder i alt,I alt,2013,5.7
Ballerup,Alder i alt,I alt,2013,6.0
Brøndby,Alder i alt,I alt,2013,7.7
Dragør,Alder i alt,I alt,2013,3.5
Gentofte,Alder i alt,I alt,2013,3.7
Gladsaxe,Alder i alt,I alt,2013,5.6
Glostrup,Alder i alt,I alt,2013,6.3
Herlev,Alder i alt,I alt,2013,6.3
Albertslund,Alder i alt,I alt,2013,8.2
Hvidovre,Alder i alt,I alt,2013,5.3
Høje-Taastrup,Alder i alt,I alt,2013,7.7
Lyngby-Taarbæk,Alder i alt,I alt,2013,3.8
Rødovre,Alder i alt,I alt,2013,5.8
Ishøj,Alder i alt,I alt,2013,10.7
Tårnby,Alder i alt,I alt,2013,5.7
Horsens,Alder i alt,I alt,2010,6.8
Kolding,Alder i alt,I alt,2010,5.9
Vejle,Alder i alt,I alt,2010,5.1
Herning,Alder i alt,I alt,2010,5.4
Holstebro,Alder i alt,I alt,2010,5.3
Lemvig,Alder i alt,I alt,2010,4.9
Struer,Alder i alt,I alt,2010,6.2
Syddjurs,Alder i alt,I alt,2010,5.9
Norddjurs,Alder i alt,I alt,2010,6.4
Favrskov,Alder i alt,I alt,2010,4.7
Odder,Alder i alt,I alt,2010,5.1
Randers,Alder i alt,I alt,2010,6.7
Silkeborg,Alder i alt,I alt,2010,5.5
Samsø,Alder i alt,I alt,2010,7.1
